"title","totalScore","reviewsCount","street","city","state","countryCode","website","phone","categories/0","categories/1","categories/2","categories/3","categories/4","categories/5","categories/6","categories/7","categories/8","categories/9","url","categoryName"
"Yoshi Odontologia | Implante Dentário | Faceta Dentária | Invisalign - Curitiba, Paraná","5","344","R. Brig. Franco, 441","Curitiba","Paraná","BR","http://yoshiodontologia.com.br/","+55 41 98771-9197","Clínica odontológica","Dentista","Endodontista","Cirurgião dentista","Ortodontista","Periodontista",,,,,"https://www.google.com/maps/search/?api=1&query=Yoshi%20Odontologia%20%7C%20Implante%20Dent%C3%A1rio%20%7C%20Faceta%20Dent%C3%A1ria%20%7C%20Invisalign%20-%20Curitiba%2C%20Paran%C3%A1&query_place_id=ChIJvVE8iffj3JQRbTfqMrll9FA","Clínica odontológica"
"Pedroso Odontologia","5","41","R. Saturnino Miranda, 900 - Loja 20","Curitiba","Paraná","BR","https://clinicapedroso.com.br/","+55 41 98888-7688","Clínica odontológica","Dentista","Cirurgião dentista",,,,,,,,"https://www.google.com/maps/search/?api=1&query=Pedroso%20Odontologia&query_place_id=ChIJVVUKTk3g3JQRlVuB-zL5Ino","Clínica odontológica"
"Manfron Odontologia","4.9","201","Av. Manoel Ribas, 7651 - Loja 03","Curitiba","Paraná","BR","https://www.manfronodontologia.com.br/","+55 41 99185-6166","Clínica odontológica","Clínica de implante dentário","Cirurgião oral e maxilofacial","Cirurgião dentista",,,,,,,"https://www.google.com/maps/search/?api=1&query=Manfron%20Odontologia&query_place_id=ChIJGV7vEbXh3JQRmAkYQ_wkJvU","Clínica odontológica"
"Odontologia Dr Vinicius Brandão/ Dra Karina Wambier","4.9","31","Rua Domingos Dalla Bona, 30","Curitiba","Paraná","BR","https://www.instagram.com/dr_vinicius_dra_karina/","+55 41 99533-8640","Dentista",,,,,,,,,,"https://www.google.com/maps/search/?api=1&query=Odontologia%20Dr%20Vinicius%20Brand%C3%A3o%2F%20Dra%20Karina%20Wambier&query_place_id=ChIJWdoIRUXh3JQRTyOz6MqcEk0","Dentista"
"Clínica Bloom Odontologia | by Kubitski","5","191","R. Julia Wanderley, 1204","Curitiba","Paraná","BR","https://bloomodonto.com.br/","+55 41 99987-0230","Clínica odontológica","Esteticista","Loja de produtos odontológicos","Dentista","Cirurgião dentista",,,,,,"https://www.google.com/maps/search/?api=1&query=Cl%C3%ADnica%20Bloom%20Odontologia%20%7C%20by%20Kubitski&query_place_id=ChIJwcUMhhTj3JQRuio6Av0gPKQ","Clínica odontológica"
"Stremel Odontologia","5","31","R. Gerônimo Muraro, 102","Curitiba","Paraná","BR","https://www.instagram.com/dr.gabrielschlotagstremel?igsh=bHVvNzY5c2M4dDFo","+55 41 99655-4545","Clínica odontológica",,,,,,,,,,"https://www.google.com/maps/search/?api=1&query=Stremel%20Odontologia&query_place_id=ChIJVYplGE7h3JQR9I7xPLuA1po","Clínica odontológica"
"Costacurta Odontologia","4.9","430","Rua Desembargador Isaías Bevilaqua, 708","Curitiba","Paraná","BR","https://www.instagram.com/costacurta_odontologia/","+55 41 99512-0077","Dentista",,,,,,,,,,"https://www.google.com/maps/search/?api=1&query=Costacurta%20Odontologia&query_place_id=ChIJ-aEr9fnj3JQRPFYWX-Ae_cA","Dentista"
"Nova Odontologia São Braz","4.9","68","Av. Ver. Toaldo Túlio, 2145","Curitiba","Paraná","BR","https://novaodontologiasaobraz.com.br/","+55 41 3527-2007","Clínica odontológica",,,,,,,,,,"https://www.google.com/maps/search/?api=1&query=Nova%20Odontologia%20S%C3%A3o%20Braz&query_place_id=ChIJfV49WyPh3JQR7yC8SAYflXc","Clínica odontológica"
"Rc Odontologia Integrada","4.9","110","Av. Ver. Toaldo Túlio, 2660 - Lojas 01 e 02","Curitiba","Paraná","BR","http://www.rcodontologiaintegrada.com.br/","+55 41 99806-9893","Dentista","Clínica odontológica","Periodontia e implantes dentários","Centro de cuidados com dentaduras","Endodontista","Cirurgião dentista","Ortodontista","Odontopediatra",,,"https://www.google.com/maps/search/?api=1&query=Rc%20Odontologia%20Integrada&query_place_id=ChIJL9BT7MPh3JQRr94xDtCsRcU","Dentista"
"Clínica Physalis","4.7","628","Alameda Princesa Izabel, 964","Curitiba","Paraná","BR","http://www.clinicaphysalis.com.br/","+55 41 3779-9077","Clínica odontológica","Periodontia e implantes dentários","Centro de diagnóstico médico por imagem","Clínica da saúde da mulher","Clínica especializada",,,,,,"https://www.google.com/maps/search/?api=1&query=Cl%C3%ADnica%20Physalis&query_place_id=ChIJUdccLfTj3JQRBSq8S0NdtBs","Clínica odontológica"
"CEOC - Centro de Excelência em Odontologia Costa","4.7","35","Estacionamento - Rua Marcelino Champagnat, 185, Travessa Amando Mann, 320","Curitiba","PR","BR","http://ceocodontologia.com.br/","+55 41 98735-8829","Clínica odontológica",,,,,,,,,,"https://www.google.com/maps/search/?api=1&query=CEOC%20-%20Centro%20de%20Excel%C3%AAncia%20em%20Odontologia%20Costa&query_place_id=ChIJyRJmhnvj3JQRSeI73HVnOy8","Clínica odontológica"
"Aligner Odontologia Dra Alessandra Haliski (implante ) e Dra Sidia Coser (ortodontia)","5","63","Av. Manoel Ribas, 1473 - salas 101/ 102","Curitiba","Paraná","BR",,"+55 41 3029-5229","Clínica de implante dentário","Dentista cosmético","Clínica odontológica","Ortodontista",,,,,,,"https://www.google.com/maps/search/?api=1&query=Aligner%20Odontologia%20Dra%20Alessandra%20Haliski%20(implante%20)%20e%20Dra%20Sidia%20Coser%20(ortodontia)&query_place_id=ChIJGaaGxa3j3JQRoyBJC2nGhR4","Clínica de implante dentário"
"Mansur Odontologia","4.9","11","Rua Antônio Escorsin, 901","Curitiba","Paraná","BR",,"+55 41 3092-0327","Dentista",,,,,,,,,,"https://www.google.com/maps/search/?api=1&query=Mansur%20Odontologia&query_place_id=ChIJyUm5G5bh3JQRzhreP8ESleM","Dentista"
"Instituto Bucalle","4.7","133","Avenida Vereador Toaldo Túlio, 3158 Sobre Loja","Curitiba","PR","BR","https://www.institutobucalle.com.br/","+55 41 3092-2220","Clínica odontológica","Dentista cosmético","Periodontia e implantes dentários","Clínica de implante dentário","Radiologia odontológica","Dentista","Clínico geral","Cirurgião dentista","Clínica de odontopediatria",,"https://www.google.com/maps/search/?api=1&query=Instituto%20Bucalle&query_place_id=ChIJE6ElDOrh3JQRtSpE4oOu_1U","Clínica odontológica"
"Tree Odontologia","5","23","Rua João Reffo, 821","Curitiba","Paraná","BR",,"+55 41 98757-7848","Clínica odontológica",,,,,,,,,,"https://www.google.com/maps/search/?api=1&query=Tree%20Odontologia&query_place_id=ChIJCynZmtLh3JQRLlJiJ7oK4AY","Clínica odontológica"
"Dória Odontologia Especializada","4.7","26","Av. Manoel Ribas, 842 - Sala 34","Curitiba","Paraná","BR","https://dd360.app/doriaodontologia","+55 41 3335-3673","Clínica odontológica",,,,,,,,,,"https://www.google.com/maps/search/?api=1&query=D%C3%B3ria%20Odontologia%20Especializada&query_place_id=ChIJoYm2Jfnj3JQRurr75fXMDh0","Clínica odontológica"
"New Life Odontologia | Bigorrilho","5","227","R. Francisco Rocha, 1850","Curitiba","Paraná","BR","https://www.newlifeodontologia.com.br/","+55 41 3248-2000","Dentista",,,,,,,,,,"https://www.google.com/maps/search/?api=1&query=New%20Life%20Odontologia%20%7C%20Bigorrilho&query_place_id=ChIJp-alHgXj3JQRZNC5kTyRmOc","Dentista"
"Massoni Odontologia","4.6","51","R. Padre Anchieta, 321","Curitiba","Paraná","BR","https://massoniodontologia.meudoutor.com/","+55 41 99646-5010","Clínica odontológica",,,,,,,,,,"https://www.google.com/maps/search/?api=1&query=Massoni%20Odontologia&query_place_id=ChIJZR_mK3Pl3JQRWv5wPz6YmY4","Clínica odontológica"
"Contreras Odontologia Humanizada","4.9","188","Rua João Reffo, 645 - sala 01","Curitiba","Paraná","BR","https://contrerasodontologia.com.br/","+55 41 99121-5842","Dentista","Clínica odontológica","Consultório médico","Cirurgião dentista",,,,,,,"https://www.google.com/maps/search/?api=1&query=Contreras%20Odontologia%20Humanizada&query_place_id=ChIJh5ITLkjh3JQR7JiGnwUSrwA","Dentista"
"Dentista Dra. Fátima Hamerski I Consultório Odontológico","5","176","Av. Ver. Toaldo Túlio, 932","Curitiba","Paraná","BR","https://consultoriodrfatim.wixsite.com/consultorio","+55 41 99526-7486","Dentista","Cirurgião dentista",,,,,,,,,"https://www.google.com/maps/search/?api=1&query=Dentista%20Dra.%20F%C3%A1tima%20Hamerski%20I%20Consult%C3%B3rio%20Odontol%C3%B3gico&query_place_id=ChIJRc1VnOXh3JQRJrebtZl93-g","Dentista"
"Odonto Braz Curitiba | Dentista no São Braz e Orleans","4.9","87","Av. Ver. Toaldo Túlio, 4356 - sala 2","Curitiba","Paraná","BR","https://www.instagram.com/odontobrazcuritiba","+55 41 3015-6220","Dentista",,,,,,,,,,"https://www.google.com/maps/search/?api=1&query=Odonto%20Braz%20Curitiba%20%7C%20Dentista%20no%20S%C3%A3o%20Braz%20e%20Orleans&query_place_id=ChIJPYJZpO_h3JQRm5i3PgpMaJ4","Dentista"
"Dr. Jo Marcelino Mochizuki - Dentista","5","83","Rua Marcos Mocellin, 89 - Loja 1","Curitiba","Paraná","BR","http://meudentenovo.com.br/","+55 41 99107-1403","Dentista","Clínica odontológica",,,,,,,,,"https://www.google.com/maps/search/?api=1&query=Dr.%20Jo%20Marcelino%20Mochizuki%20-%20Dentista&query_place_id=ChIJn3Pd8Kbh3JQRtt7_wDxnR8I","Dentista"
"Consultório Odontológico Dra. Amanda Mushashe","5","30","R. Júlio Perneta, 930","Curitiba","Paraná","BR","https://amandamushashe.com/","+55 41 99841-4009","Dentista",,,,,,,,,,"https://www.google.com/maps/search/?api=1&query=Consult%C3%B3rio%20Odontol%C3%B3gico%20Dra.%20Amanda%20Mushashe&query_place_id=ChIJH01bx6Ph3JQRPBmjZpHMXN4","Dentista"
"Dra. Giovanna Bonatti | Cirurgiã Dentista","5","184","Av. Manoel Ribas, 1473 - Sala 102","Curitiba","Paraná","BR","https://msha.ke/dra.giovannabonatti?fbclid=PAAaZ5dj73nf2qd5BFWqCK5Kea7tpVdMH_S5PlDug-ddbg6ogoW7W_ndxuTCw_aem_AQ5ztIk2f9osc8uEJjXgwjL3yRZqMOIBHnlf1YqUcAfvyi8Y2PY6Wklzu7CnsEed4bU","+55 47 99735-1002","Dentista",,,,,,,,,,"https://www.google.com/maps/search/?api=1&query=Dra.%20Giovanna%20Bonatti%20%7C%20Cirurgi%C3%A3%20Dentista&query_place_id=ChIJZUiwGznj3JQROM9EW8aBSPA","Dentista"
"Dra. Juliana Arantes, Especialista em Tratamento de Canal com Microscópio","4.8","51","R. Marcelino Champagnat, 185","Curitiba","Paraná","BR","https://www.drajulianaarantes.com.br/","+55 41 99167-2103","Endodontista",,,,,,,,,,"https://www.google.com/maps/search/?api=1&query=Dra.%20Juliana%20Arantes%2C%20Especialista%20em%20Tratamento%20de%20Canal%20com%20Microsc%C3%B3pio&query_place_id=ChIJl2IZ5o_j3JQRcc0Z3GHkZEw","Endodontista"
"Manoela M Carneiro","5","61","Av. Manoel Ribas, 985 - Conjunto 01","Curitiba","Paraná","BR","http://www.manoelacarneiro.com.br/","+55 41 99161-0071","Dentista",,,,,,,,,,"https://www.google.com/maps/search/?api=1&query=Manoela%20M%20Carneiro&query_place_id=ChIJO-EuDYTl3JQRd6X1bWQXkMg","Dentista"
"Dra. Joana Leticia Vendruscolo","5","14","Rua Myltho Anselmo da Silva, 832","Curitiba","Paraná","BR","https://www.doctoralia.com.br/joana-leticia-vendruscolo/dentista-cirurgiao-buco-maxilo-facial/curitiba","+55 41 99211-7201","Dentista",,,,,,,,,,"https://www.google.com/maps/search/?api=1&query=Dra.%20Joana%20Leticia%20Vendruscolo&query_place_id=ChIJrboJ3Crl3JQRhGINzJ3M_t8","Dentista"
"Odontopediatra Dra Juliene Urcichi","4.9","145","Av. Manoel Ribas, 852","Curitiba","Paraná","BR",,"+55 41 3018-9195","Odontopediatra",,,,,,,,,,"https://www.google.com/maps/search/?api=1&query=Odontopediatra%20Dra%20Juliene%20Urcichi&query_place_id=ChIJPVOZJfnj3JQRxZc2trElK9w","Odontopediatra"
"Odonto Alpha - Dentista Santa Felicidade Curitiba. Implantes Dentários, Aparelhos Ortodônticos, Próteses Dentárias.","5","60","Av. Manoel Ribas, 6935 - Loja, 02","Curitiba","Paraná","BR","https://odonto-alpha-x0v5aq5.gamma.site/","+55 41 98508-4277","Dentista","Clínica odontológica","Ortodontista","Periodontista",,,,,,,"https://www.google.com/maps/search/?api=1&query=Odonto%20Alpha%20-%20Dentista%20Santa%20Felicidade%20Curitiba.%20Implantes%20Dent%C3%A1rios%2C%20Aparelhos%20Ortod%C3%B4nticos%2C%20Pr%C3%B3teses%20Dent%C3%A1rias.&query_place_id=ChIJlcaO89fh3JQR4aWjdfo_2ck","Dentista"
"Dr. Fábio Galli - Dentista em Curitiba","5","86","R. Domingos Strapasson, 181","Curitiba","Paraná","BR","https://www.drfabiogalli.com.br/","+55 41 3372-4022","Cirurgião dentista",,,,,,,,,,"https://www.google.com/maps/search/?api=1&query=Dr.%20F%C3%A1bio%20Galli%20-%20Dentista%20em%20Curitiba&query_place_id=ChIJn8_pMlXh3JQRl9Eo_sePPX8","Cirurgião dentista"
"Clínica Cabral Odontologia","4.6","67","Av. Paraná, 254 - sala 01","Curitiba","Paraná","BR","http://www.clinicacabral.com.br/","+55 41 3016-7171","Clínica odontológica",,,,,,,,,,"https://www.google.com/maps/search/?api=1&query=Cl%C3%ADnica%20Cabral%20Odontologia&query_place_id=ChIJlc99JSbk3JQRo3wDnOvyYDk","Clínica odontológica"
"ORTOMAIS ODONTOLOGIA","5","461","Av. Anita Garibaldi, 3482 - Sala 01 E 02","Curitiba","Paraná","BR","http://ortomaisbarreirinha.webnode.page/","+55 41 3023-1390","Clínica odontológica","Dentista","Centro de cuidados com dentaduras","Ortodontista",,,,,,,"https://www.google.com/maps/search/?api=1&query=ORTOMAIS%20ODONTOLOGIA&query_place_id=ChIJm-3HnOnm3JQRlITWBolXBtA","Clínica odontológica"
"Renata Motta Odontologia Especializada","4.6","57","R. Colombo, 543","Curitiba","Paraná","BR",,"+55 41 99788-8294","Clínica odontológica","Clínica de implante dentário","Dentista","Endodontista","Clínico geral","Ortodontista",,,,,"https://www.google.com/maps/search/?api=1&query=Renata%20Motta%20Odontologia%20Especializada&query_place_id=ChIJHW9z0wrn3JQRGAp3YQ8NdMo","Clínica odontológica"
"Centro Odontológico São Lourenço","4.7","178","R. Mateus Leme, 3341","Curitiba","Paraná","BR","http://odontologiasaolourenco.com.br/","+55 41 98796-9106","Dentista","Clínica odontológica","Clínica de implante dentário","Endodontista","Cirurgião dentista",,,,,,"https://www.google.com/maps/search/?api=1&query=Centro%20Odontol%C3%B3gico%20S%C3%A3o%20Louren%C3%A7o&query_place_id=ChIJG2evSrrm3JQR8pSrTF3ww6s","Dentista"
"Mappi Odontologia - Boa Vista","5","2","Av. Anita Garibaldi, 2381 - Loja 5","Curitiba","Paraná","BR","https://www.mappiodontologia.com.br/","","Clínica odontológica",,,,,,,,,,"https://www.google.com/maps/search/?api=1&query=Mappi%20Odontologia%20-%20Boa%20Vista&query_place_id=ChIJ4fg9FvHn3JQRidaGO3pM38Q","Clínica odontológica"
"Hygge Odontologia","5","284","Centro Comercial Reinaissance - R. Manoel Eufrásio, 403 A - Conjunto 08","Curitiba","Paraná","BR","https://www.hyggeodontologia.com/","+55 41 99678-0485","Dentista",,,,,,,,,,"https://www.google.com/maps/search/?api=1&query=Hygge%20Odontologia&query_place_id=ChIJ7bktPyTk3JQRp4ToImYy3uU","Dentista"
"Beyond Odontologia","4.9","253","Av. Cândido de Abreu, 140 - Sala 301","Curitiba","Paraná","BR","https://clinicabeyond.com.br/","+55 41 99284-1177","Clínica odontológica","Esteticista","Ortodontista",,,,,,,,"https://www.google.com/maps/search/?api=1&query=Beyond%20Odontologia&query_place_id=ChIJgThjo_jl3JQRAVWWq8t8AdI","Clínica odontológica"
"FRAGA BERTAIOLLI ODONTOLOGIA","5","107","Edifício AR3000 - Praça São Paulo da Cruz, 50 - Sala 1603","Curitiba","Paraná","BR",,"","Clínica odontológica",,,,,,,,,,"https://www.google.com/maps/search/?api=1&query=FRAGA%20BERTAIOLLI%20ODONTOLOGIA&query_place_id=ChIJs5QbvG_73JQRFYRVaQR2WVg","Clínica odontológica"
"Consultório odontológico dra. Marcia Iurk & dra.Lara Oliveira","4.5","11","Av. Anita Garibaldi, 2047 - loja 01","Curitiba","Paraná","BR",,"+55 41 3077-0520","Cirurgião dentista",,,,,,,,,,"https://www.google.com/maps/search/?api=1&query=Consult%C3%B3rio%20odontol%C3%B3gico%20dra.%20Marcia%20Iurk%20%26%20dra.Lara%20Oliveira&query_place_id=ChIJBySAnJrl3JQRLUwRIo0n6us","Cirurgião dentista"
"Doc C Odontologia","4.9","37","Av. Anita Garibaldi, 4847 - CJ 104","Curitiba","Paraná","BR","https://instagram.com/docc.odontologia?igshid=NDk5N2NlZjQ=","+55 41 99947-3588","Dentista",,,,,,,,,,"https://www.google.com/maps/search/?api=1&query=Doc%20C%20Odontologia&query_place_id=ChIJeffb8RLn3JQRLurqZLqzNKw","Dentista"
"Clínica Vitta Odontologia","5","286","Avenida Nossa Senhora da Luz - Esquina com, Av. Pref. Erasto Gaertner, 51","Curitiba","PR","BR","https://odontovitta.com.br/","+55 41 3501-7370","Clínica odontológica","Clínica de implante dentário","Dentista","Cirurgião dentista","Ortodontista",,,,,,"https://www.google.com/maps/search/?api=1&query=Cl%C3%ADnica%20Vitta%20Odontologia&query_place_id=ChIJF5fQwxXl3JQRX1OofHJhXKM","Clínica odontológica"
"Odonto Paraná","4.6","688","Av. Paraná, 1634 - 07","Curitiba","Paraná","BR","https://odontoparana.meudoutor.com/","+55 41 4101-1020","Dentista",,,,,,,,,,"https://www.google.com/maps/search/?api=1&query=Odonto%20Paran%C3%A1&query_place_id=ChIJc-EU5IDm3JQRIpuA0F0YEXQ","Dentista"
"Sorriadente Odontologia | Facetas | Botox | Ortodontia | Implantes","4.3","47","Rua Luiz Gonçalves de Moura, 21","Curitiba","Paraná","BR","https://www.instagram.com/sorridenteodontologiaa?igsh=dXFiNTh2bWY3cm04&utm_source=qr","+55 41 99229-0806","Clínica odontológica",,,,,,,,,,"https://www.google.com/maps/search/?api=1&query=Sorriadente%20Odontologia%20%7C%20Facetas%20%7C%20Botox%20%7C%20Ortodontia%20%7C%20Implantes&query_place_id=ChIJ0z2wFTPh3JQRWJFfUlUoPME","Clínica odontológica"
"Clínica DeLara | dentista, curitiba, implante, tratamento canal, clareamento, próteses, extração, ahú, cabral, juvevê","4.9","51","Av. Anita Garibaldi, 1555","Curitiba","Paraná","BR","https://clinicadelara.com.br/","+55 41 3078-9821","Dentista","Clínica odontológica","Periodontia e implantes dentários","Endodontista","Cirurgião dentista",,,,,,"https://www.google.com/maps/search/?api=1&query=Cl%C3%ADnica%20DeLara%20%7C%20dentista%2C%20curitiba%2C%20implante%2C%20tratamento%20canal%2C%20clareamento%2C%20pr%C3%B3teses%2C%20extra%C3%A7%C3%A3o%2C%20ah%C3%BA%2C%20cabral%2C%20juvev%C3%AA&query_place_id=ChIJlxZqZJPn3JQRRbC4pIxcX68","Dentista"
"Quality Odonto E Bem Estar","4.8","57","R. Alfredo Gulin, 80 - Loja 1","Curitiba","Paraná","BR","https://clinicaquality.com.br/","+55 41 99759-3820","Dentista","Dentista cosmético","Periodontia e implantes dentários","Serviço dentário de emergência","Cirurgião dentista","Ortodontista",,,,,"https://www.google.com/maps/search/?api=1&query=Quality%20Odonto%20E%20Bem%20Estar&query_place_id=ChIJTXSjgC773JQRn_SYvYR7d2c","Dentista"
"Clifame","4.7","473","R. Conselheiro Laurindo, 73","Curitiba","Paraná","BR","http://www.clifame.com/","+55 41 3223-1262","Dentista","Clínica odontológica","Periodontia e implantes dentários","Cirurgião dentista","Ortodontista",,,,,,"https://www.google.com/maps/search/?api=1&query=Clifame&query_place_id=ChIJy4fDGBXk3JQRevT6VwxgrtA","Dentista"
"Odontoface Curitiba","5","21","R. Dias da Rocha Filho, 730","Curitiba","Paraná","BR","https://www.odontologiacuritiba.com.br/","+55 41 4101-3337","Dentista","Cirurgião dentista","Ortodontista",,,,,,,,"https://www.google.com/maps/search/?api=1&query=Odontoface%20Curitiba&query_place_id=ChIJA2Tcn2rk3JQRB72Iy3lwdxM","Dentista"
"Dr. Maxwel Marques Dentista 24 horas Curitiba","5","57","Edifício Orion Business - Av. João Gualberto, 1673 - 81","Curitiba","Paraná","BR","https://lp.drmaxwelmarques.com.br/","+55 41 3011-0066","Cirurgião dentista","Serviço dentário de emergência","Endodontista","Ortodontista",,,,,,,"https://www.google.com/maps/search/?api=1&query=Dr.%20Maxwel%20Marques%20Dentista%2024%20horas%20Curitiba&query_place_id=ChIJ7XC9Nkbj3JQRybWKhHmnJDY","Cirurgião dentista"
"Dra Marcia Cristina Zonatto | Dentista | Curitiba | Odontologia Bom Retiro","5","77","R. Henrique Itiberê da Cunha, 260","Curitiba","Paraná","BR","https://dramarciazonatto.com.br/","+55 41 98703-1818","Dentista",,,,,,,,,,"https://www.google.com/maps/search/?api=1&query=Dra%20Marcia%20Cristina%20Zonatto%20%7C%20Dentista%20%7C%20Curitiba%20%7C%20Odontologia%20Bom%20Retiro&query_place_id=ChIJX7-enhbl3JQRJ0q9k3vkiIY","Dentista"
"Sense Odontologia Premium","4.9","65","Opera Matteo - Av. João Gualberto, 1881 - sala 1907, 19 andar","Curitiba","Paraná","BR","https://senseodonto.com.br/","+55 41 3501-5999","Dentista","Clínica odontológica","Periodontia e implantes dentários","Endodontista","Cirurgião dentista","Ortodontista","Periodontista",,,,"https://www.google.com/maps/search/?api=1&query=Sense%20Odontologia%20Premium&query_place_id=ChIJPfl6GyTk3JQRJere55dGkR0","Dentista"
"Biodente Odontologia - Dr. Antonio Trevisani | Implantes Dentários, Próteses Dentárias e Lentes de contato dental","4.9","180","R. Cel. Brasilino Moura, 389","Curitiba","Paraná","BR","http://biodenteodontologia.com.br/","+55 41 3079-9000","Dentista","Clínica odontológica","Cirurgião dentista",,,,,,,,"https://www.google.com/maps/search/?api=1&query=Biodente%20Odontologia%20-%20Dr.%20Antonio%20Trevisani%20%7C%20Implantes%20Dent%C3%A1rios%2C%20Pr%C3%B3teses%20Dent%C3%A1rias%20e%20Lentes%20de%20contato%20dental&query_place_id=ChIJG7EyaKPm3JQR7KemTZdEjlU","Dentista"
"Dental Esthetic Center","4.9","230","R. Bom Jesus, 406","Curitiba","Paraná","BR","https://dentalestheticcenter.com.br/?utm_source=google&utm_medium=gmb&utm_campaign=perfil","+55 41 3252-6413","Dentista","Dentista cosmético","Clínica odontológica","Cirurgião dentista",,,,,,,"https://www.google.com/maps/search/?api=1&query=Dental%20Esthetic%20Center&query_place_id=ChIJ3Sa5hyXk3JQRUGzgakwdrtM","Dentista"
"BellOdont","4.9","37","R. Dias da Rocha Filho, 281","Curitiba","Paraná","BR","https://www.instagram.com/bellodont/?hl=pt","+55 41 3053-4626","Dentista","Periodontia e implantes dentários","Clínica odontológica","Cirurgião dentista","Odontopediatra",,,,,,"https://www.google.com/maps/search/?api=1&query=BellOdont&query_place_id=ChIJjypFCEjk3JQR3x6LYGOaUHQ","Dentista"
"OrtoQualité. Dra Karina Wambier","4.2","19","R. Amauri Lange Silvério, 10 - sl 04","Curitiba","Paraná","BR",,"+55 41 3339-6495","Dentista","Periodontia e implantes dentários","Ortodontista",,,,,,,,"https://www.google.com/maps/search/?api=1&query=OrtoQualit%C3%A9.%20Dra%20Karina%20Wambier&query_place_id=ChIJ___LjjXh3JQRKoKi9f-sGWM","Dentista"
"D.R. Odontologia","5","40","R. Albino Silva, 80","Curitiba","Paraná","BR","https://linktr.ee/dr.odontologia","+55 41 98887-4294","Dentista","Periodontia e implantes dentários","Clínica odontológica","Endodontista","Cirurgião dentista",,,,,,"https://www.google.com/maps/search/?api=1&query=D.R.%20Odontologia&query_place_id=ChIJGUwCn4Xl3JQRQwRJUJVZKtM","Dentista"
"Dr. Luís Francisco Reis Dentista","5","151","Av. João Gualberto, 1342 - sala 903","Curitiba","Paraná","BR","http://www.doutorluisfrancisco.com.br/","+55 41 99567-1342","Dentista","Cirurgião dentista",,,,,,,,,"https://www.google.com/maps/search/?api=1&query=Dr.%20Lu%C3%ADs%20Francisco%20Reis%20Dentista&query_place_id=ChIJ947ePYLm3JQRVS8q7g7aeL0","Dentista"
"Odonto Excellence","3.8","78","Av. Ver. Toaldo Túlio, 1979","Curitiba","Paraná","BR","https://www.odontoexcellence.com.br/","+55 41 3272-0513","Dentista",,,,,,,,,,"https://www.google.com/maps/search/?api=1&query=Odonto%20Excellence&query_place_id=ChIJtxtc2S_h3JQRpYCtVAErLfk","Dentista"
"Odontonelsen- Especialista em implantes em Curitiba","4.6","9","R. Tomazina, 146","Curitiba","Paraná","BR","http://www.odontonelsen.com.br/","+55 41 98404-0352","Clínica odontológica","Periodontia e implantes dentários","Cirurgião dentista","Clínica especializada",,,,,,,"https://www.google.com/maps/search/?api=1&query=Odontonelsen-%20Especialista%20em%20implantes%20em%20Curitiba&query_place_id=ChIJa8gppJnm3JQRoovQ8swXNTM","Clínica odontológica"
"Dra Leticia Carlini Policeni - Odontologia","5","2","Rua Victório Viezzer, 530","Curitiba","Paraná","BR",,"+55 41 3336-7064","Clínica odontológica",,,,,,,,,,"https://www.google.com/maps/search/?api=1&query=Dra%20Leticia%20Carlini%20Policeni%20-%20Odontologia&query_place_id=ChIJfQQPg9Lh3JQRW_cFbI3bqcM","Clínica odontológica"
"Naturale Odontologia Integrada","5","39","R. Estados Unidos, 999","Curitiba","Paraná","BR","http://clinicanaturale.com.br/","+55 41 3256-2794","Clínica odontológica",,,,,,,,,,"https://www.google.com/maps/search/?api=1&query=Naturale%20Odontologia%20Integrada&query_place_id=ChIJAQAEKtXl3JQRmAgv-zGIpR4","Clínica odontológica"
"Professor Paulo Staub | Staub Odontologia | Dr. Paulo Staub","5","45","R. Mateus Leme, 5760","Curitiba","Paraná","BR",,"+55 41 99787-2633","Clínica odontológica",,,,,,,,,,"https://www.google.com/maps/search/?api=1&query=Professor%20Paulo%20Staub%20%7C%20Staub%20Odontologia%20%7C%20Dr.%20Paulo%20Staub&query_place_id=ChIJDXywYILn3JQRMutBIAPXD38","Clínica odontológica"
"Odontologia Estética Bucal","4.8","37","Rua São Sebastião, 277","Curitiba","Paraná","BR",,"+55 41 99203-5238","Ortodontista","Dentista",,,,,,,,,"https://www.google.com/maps/search/?api=1&query=Odontologia%20Est%C3%A9tica%20Bucal&query_place_id=ChIJb-5O_yjk3JQR-xs38CymMK0","Ortodontista"
"ALLDENTAL - Odontologia Integrada","4.8","356","R. XV de Novembro, 2727","Curitiba","Paraná","BR","http://www.alldental.com.br/","+55 41 99232-8281","Clínica odontológica","Periodontia e implantes dentários","Dentista","Endodontista","Ortodontista",,,,,,"https://www.google.com/maps/search/?api=1&query=ALLDENTAL%20-%20Odontologia%20Integrada&query_place_id=ChIJS-IxHUrk3JQR1nCNmQVo1_I","Clínica odontológica"
"Odontologia Kowalski","5","6","R. Jacarezinho, 1285 - Loja 06","Curitiba","Paraná","BR",,"+55 41 3336-6585","Clínica odontológica",,,,,,,,,,"https://www.google.com/maps/search/?api=1&query=Odontologia%20Kowalski&query_place_id=ChIJj1lJlv3j3JQRZcGC63PKJs0","Clínica odontológica"
"Centro Odontológico Sant'ana",,,"R. Mateus Leme, 5760","Curitiba","Paraná","BR",,"+55 41 3027-2927","Clínica odontológica",,,,,,,,,,"https://www.google.com/maps/search/?api=1&query=Centro%20Odontol%C3%B3gico%20Sant'ana&query_place_id=ChIJVx7W29rm3JQR7HB-AlvxvvQ","Clínica odontológica"
"IM Odontologia Integrada","5","111","R. Nicarágua, 847 - sala 606","Curitiba","Paraná","BR","https://imodontologiaintegrada.com.br/","+55 41 99266-7666","Clínica odontológica",,,,,,,,,,"https://www.google.com/maps/search/?api=1&query=IM%20Odontologia%20Integrada&query_place_id=ChIJV0g3APrn3JQRNs16IwBRuMg","Clínica odontológica"
"Odontologia - Dra. Mônica Flenik","5","2","R. Dias da Rocha Filho, 402","Curitiba","Paraná","BR",,"+55 41 3262-5510","Clínica odontológica",,,,,,,,,,"https://www.google.com/maps/search/?api=1&query=Odontologia%20-%20Dra.%20M%C3%B4nica%20Flenik&query_place_id=ChIJ5bntakjk3JQRGf0zRm9JR34","Clínica odontológica"
"Odontologia Domiciliar","5","17","Rua Tobias de Macedo Júnior, 489","Curitiba","Paraná","BR",,"+55 41 99616-4102","Cirurgião dentista",,,,,,,,,,"https://www.google.com/maps/search/?api=1&query=Odontologia%20Domiciliar&query_place_id=ChIJU1H4RRvh3JQRQxLuCoFDLuk","Cirurgião dentista"
"Dra. Aline Carriel - Odontologia integrada","5","3","Av. Cândido de Abreu, 526 - Conjunto 1302 A - 13° Andar","Curitiba","Paraná","BR","https://www.instagram.com/dra.alinecarriel/?hl=en","+55 41 98731-1350","Dentista",,,,,,,,,,"https://www.google.com/maps/search/?api=1&query=Dra.%20Aline%20Carriel%20-%20Odontologia%20integrada&query_place_id=ChIJWzHqAenl3JQRzhV6FFXeyF4","Dentista"
"Urban Odontologia","4.8","45","Av. João Gualberto, 1342 sala 1210, Alto da Glória","Curitiba","PR","BR","https://www.urbanodontologia.com.br/","+55 41 99550-6691","Dentista",,,,,,,,,,"https://www.google.com/maps/search/?api=1&query=Urban%20Odontologia&query_place_id=ChIJi7LJxpDl3JQReQwgSYgWn6U","Dentista"
"Dra. Thamires Gomes Prodocimo | Dentista em Curitiba | Aparelho dentário","5","76","Av. Anita Garibaldi, 850","Curitiba","Paraná","BR","https://www.instagram.com/thamiresgprodocimo/","+55 41 98775-7387","Dentista","Cirurgião dentista","Ortodontista",,,,,,,,"https://www.google.com/maps/search/?api=1&query=Dra.%20Thamires%20Gomes%20Prodocimo%20%7C%20Dentista%20em%20Curitiba%20%7C%20Aparelho%20dent%C3%A1rio&query_place_id=ChIJ27lZR-3n3JQRsh3V0E5JNPA","Dentista"
"Dentista Dra Katia Lourenço I Dentista de Emergência em Curitiba","5","7","Av. Cândido de Abreu, 660 - sala 506","Curitiba","Paraná","BR","https://drakatialourenco.me/","+55 41 99627-7433","Dentista","Dentista cosmético","Cirurgião dentista","Serviço dentário de emergência",,,,,,,"https://www.google.com/maps/search/?api=1&query=Dentista%20Dra%20Katia%20Louren%C3%A7o%20I%20Dentista%20de%20Emerg%C3%AAncia%20em%20Curitiba&query_place_id=ChIJOyebJLfl3JQRT5SY_kTjg14","Dentista"
"Dentista em Curitiba - Dr. Denis Roberto Spina","5","10","R. Flávio Dallegrave, 2.270","Curitiba","Paraná","BR",,"+55 41 99917-1472","Clínica odontológica",,,,,,,,,,"https://www.google.com/maps/search/?api=1&query=Dentista%20em%20Curitiba%20-%20Dr.%20Denis%20Roberto%20Spina&query_place_id=ChIJweQJMsvl3JQRWh9osd9DmKU","Clínica odontológica"
"Dr. Allan Pizzamiglio","5","20","R. Atílio Bório, 710","Curitiba","Paraná","BR","https://clinicadentistacuritiba.com.br/","+55 41 99584-0057","Dentista",,,,,,,,,,"https://www.google.com/maps/search/?api=1&query=Dr.%20Allan%20Pizzamiglio&query_place_id=ChIJa00T2cLl3JQRQOrUcefUjzc","Dentista"
"Dentista | Odontologia | Dra. Isabella Lippmann","5","13","R. Campinas, 17 - Sala 4","Curitiba","Paraná","BR",,"+55 41 99221-6548","Dentista","Clínica odontológica","Serviço dentário de emergência","Cirurgião dentista","Ortodontista",,,,,,"https://www.google.com/maps/search/?api=1&query=Dentista%20%7C%20Odontologia%20%7C%20Dra.%20Isabella%20Lippmann&query_place_id=ChIJFXzuPQDl3JQR0DCczpJoL40","Dentista"
"Clínica Odontológica Doutor Márcio Cubis Lima","4.6","7","Av. Francisco Kruger, 6330 - sala 6","Alm. Tamandaré","Paraná","BR",,"+55 41 99667-9595","Dentista",,,,,,,,,,"https://www.google.com/maps/search/?api=1&query=Cl%C3%ADnica%20Odontol%C3%B3gica%20Doutor%20M%C3%A1rcio%20Cubis%20Lima&query_place_id=ChIJIYCBqmjj3JQRAamGHRnGm8I","Dentista"
"Dra Adriana Gallego Donda Casagrande Cirurgiã Dentista","5","12","Alameda General Raul Munhoz, 9","Curitiba","Paraná","BR",,"+55 41 98536-6642","Clínica odontológica",,,,,,,,,,"https://www.google.com/maps/search/?api=1&query=Dra%20Adriana%20Gallego%20Donda%20Casagrande%20Cirurgi%C3%A3%20Dentista&query_place_id=ChIJPY3Jd8nn3JQRSxewAby7Erw","Clínica odontológica"
"CliniCalm Odontologia Humanizada","5","82","Av. João Gualberto, 1342","Curitiba","Paraná","BR",,"+55 41 3319-1596","Cirurgião dentista",,,,,,,,,,"https://www.google.com/maps/search/?api=1&query=CliniCalm%20Odontologia%20Humanizada&query_place_id=ChIJF7E3ySnl3JQR-PhmoKAUqgM","Cirurgião dentista"
"Igor Zen Odontopediatria","5","230","R. Barão de Guaraúna, 455","Curitiba","Paraná","BR","http://www.igorzen.com/","+55 41 99222-2234","Dentista",,,,,,,,,,"https://www.google.com/maps/search/?api=1&query=Igor%20Zen%20Odontopediatria&query_place_id=ChIJWY-1S23l3JQR24vR7o_4FQk","Dentista"
"Dra Aline de Avila - Dentista em Curitiba | CRO-PR 26.534","5","72","R. Dr. Manoel Pedro, 146","Curitiba","Paraná","BR","https://alinedeavila.com.br/","+55 41 99680-6600","Dentista","Clínica odontológica","Cirurgião dentista","Ortodontista","Odontopediatra","Serviço de clareamento dental",,,,,"https://www.google.com/maps/search/?api=1&query=Dra%20Aline%20de%20Avila%20-%20Dentista%20em%20Curitiba%20%7C%20CRO-PR%2026.534&query_place_id=ChIJB02JhfHl3JQRt3Aji0VuCWA","Dentista"
"Prime","5","1","Av. Anita Garibaldi, 1865 - Sala 5","Curitiba","Paraná","BR",,"+55 41 3254-8437","Clínica odontológica",,,,,,,,,,"https://www.google.com/maps/search/?api=1&query=Prime&query_place_id=ChIJ8RP3k5Dm3JQRspP8h-XAJWg","Clínica odontológica"
"Dra. Liliane Garcia Sarto","5","45","Av. N. Sra. da Luz, 51","Curitiba","Paraná","BR","https://odontolilianesarto.com.br/","+55 41 99780-1040","Dentista",,,,,,,,,,"https://www.google.com/maps/search/?api=1&query=Dra.%20Liliane%20Garcia%20Sarto&query_place_id=ChIJL3ZoMF3l3JQRLic6zYg6Gg0","Dentista"
"Denise Siumara Cavassin Boeing","4.9","20","R. Alm. Tamandaré, 754","Curitiba","Paraná","BR",,"+55 41 3262-0325","Dentista",,,,,,,,,,"https://www.google.com/maps/search/?api=1&query=Denise%20Siumara%20Cavassin%20Boeing&query_place_id=ChIJea4zlUfk3JQRkUEmZMEuKAM","Dentista"
"Dra.Giselle Lipinski | Odontologia Integrativa- Santa Felicidade","5","96","Rua Marcos Mocellin, 50 - sala07","Curitiba","Paraná","BR","http://gisellelipinski.com.br/","+55 41 99519-9158","Cirurgião dentista","Dentista cosmético","Periodontia e implantes dentários",,,,,,,,"https://www.google.com/maps/search/?api=1&query=Dra.Giselle%20Lipinski%20%7C%20Odontologia%20Integrativa-%20Santa%20Felicidade&query_place_id=ChIJT6Ohj4zj3JQRXRdPDmS8FwQ","Cirurgião dentista"
"Dentista - Dra. Viviani Padilha","5","100","Av. João Gualberto, 1673 - sala 104","Curitiba","Paraná","BR","http://wa.me/554196625245","+55 41 99662-5245","Ortodontista",,,,,,,,,,"https://www.google.com/maps/search/?api=1&query=Dentista%20-%20Dra.%20Viviani%20Padilha&query_place_id=ChIJNwytpvbl3JQRWQbxFdVLsJA","Ortodontista"
"Kharmon Odontologia | Dentista em Curitiba","4.7","103","R. João Havro, 119 - Sala 05","Curitiba","Paraná","BR","https://kharmonodonto.com.br/","","Clínica odontológica",,,,,,,,,,"https://www.google.com/maps/search/?api=1&query=Kharmon%20Odontologia%20%7C%20Dentista%20em%20Curitiba&query_place_id=ChIJBf1yEX3m3JQRQjt0pcpM3dA","Clínica odontológica"
"AYA | CLÍNICA ODONTOLOGIA E INTEGRADA","5","17","Av. Cândido de Abreu, 70 - sala 1508","Curitiba","Paraná","BR","https://www.instagram.com/drafatima.kennan?igsh=MXd1ZTFlYXF5NTQxNw==","+55 41 98903-5605","Clínica odontológica","Endodontista",,,,,,,,,"https://www.google.com/maps/search/?api=1&query=AYA%20%7C%20CL%C3%8DNICA%20ODONTOLOGIA%20E%20INTEGRADA&query_place_id=ChIJE-E9ulTl3JQRx2NoR6zyASE","Clínica odontológica"
"+A Odontologia","5","8","Av. Paraná, 1520/1524 - Sala 06","Curitiba","Paraná","BR","https://instagram.com/maisaodontologia","+55 41 99866-0758","Clínica odontológica",,,,,,,,,,"https://www.google.com/maps/search/?api=1&query=%2BA%20Odontologia&query_place_id=ChIJ7RTuU7bn3JQRhzqHr0cJHzQ","Clínica odontológica"
"CEOPAR Odontologia","4.8","197","R. Emílio de Menezes, 355","Curitiba","Paraná","BR","http://www.ceoparana.com.br/","+55 41 3338-7029","Dentista",,,,,,,,,,"https://www.google.com/maps/search/?api=1&query=CEOPAR%20Odontologia&query_place_id=ChIJEwCBvQbk3JQRZO7B3Glk0dI","Dentista"
"Sd Odontologia - Dobruski Sumocoski l Ortodontia e Estética Curitiba","5","5","R. Valdívia, 572","Curitiba","Paraná","BR",,"+55 41 99224-9880","Clínica odontológica",,,,,,,,,,"https://www.google.com/maps/search/?api=1&query=Sd%20Odontologia%20-%20Dobruski%20Sumocoski%20l%20Ortodontia%20e%20Est%C3%A9tica%20Curitiba&query_place_id=ChIJfdl2gtPl3JQRFKK__rAPfE8","Clínica odontológica"
"ODONTOLOGIA especializada",,,"R. Manoel Eufrásio, 1362","Curitiba","Paraná","BR",,"",,,,,,,,,,,"https://www.google.com/maps/search/?api=1&query=ODONTOLOGIA%20especializada&query_place_id=ChIJr3GFfKDm3JQRqStef751dho",
"Odontologia","5","8","R. Rocha Pombo, 650","Curitiba","Paraná","BR",,"+55 41 99595-0825","Cirurgião dentista",,,,,,,,,,"https://www.google.com/maps/search/?api=1&query=Odontologia&query_place_id=ChIJXf8ZwyPk3JQR33P0W_hC7uc","Cirurgião dentista"
"Consultório Odontológico","5","8","Av. Anita Garibaldi, 4005","Curitiba","Paraná","BR",,"+55 41 3354-8411","Dentista",,,,,,,,,,"https://www.google.com/maps/search/?api=1&query=Consult%C3%B3rio%20Odontol%C3%B3gico&query_place_id=ChIJNZdY6Ofm3JQRX29Mcr7eStU","Dentista"
"OdontoBella","5","5","R. Gabriela Mistral, 171","Curitiba","Paraná","BR",,"+55 41 3015-2030","Clínica odontológica",,,,,,,,,,"https://www.google.com/maps/search/?api=1&query=OdontoBella&query_place_id=ChIJbV_JBJnm3JQR_Wkq1bDgO90","Clínica odontológica"
"Consultório Odontológico Dra. Mayara Machado Soldá","5","7","Av. Ver. Toaldo Túlio, 1552 - 2","Curitiba","Paraná","BR",,"+55 41 3272-7516","Dentista",,,,,,,,,,"https://www.google.com/maps/search/?api=1&query=Consult%C3%B3rio%20Odontol%C3%B3gico%20Dra.%20Mayara%20Machado%20Sold%C3%A1&query_place_id=ChIJ6f0VFKPh3JQR-EuVWs_-NPA","Dentista"
"Dra. Alyne Removiscz - Odontologia","5","39","R. Flávio Dallegrave, 2270","Curitiba","Paraná","BR","https://instagram.com/removiscz.odontologia?igshid=YWJhMjlhZTc=","+55 42 99918-7250","Cirurgião dentista",,,,,,,,,,"https://www.google.com/maps/search/?api=1&query=Dra.%20Alyne%20Removiscz%20-%20Odontologia&query_place_id=ChIJAR4PC33l3JQRqjV0Dg33QE0","Cirurgião dentista"
"Valenga Odontologia Personalizada","5","56","R. Pres. Rodrigo Otávio, 1471","Curitiba","Paraná","BR",,"+55 41 3363-3737","Clínica odontológica",,,,,,,,,,"https://www.google.com/maps/search/?api=1&query=Valenga%20Odontologia%20Personalizada&query_place_id=ChIJnbh8zjTk3JQRh2ZK3pCkgEw","Clínica odontológica"
"Dra Hana Mizrahi - Cirurgiã Dentista","5","24","Rua Marechal Mallet, |, 313 - Consultório 05","Curitiba","PR","BR","https://www.neoconceptcuritiba.com.br/profissional/hana-mizrahi","+55 41 99169-0609","Cirurgião dentista",,,,,,,,,,"https://www.google.com/maps/search/?api=1&query=Dra%20Hana%20Mizrahi%20-%20Cirurgi%C3%A3%20Dentista&query_place_id=ChIJP_3CYI88pQwRfCtg1nuP36o","Cirurgião dentista"
"Odontologia - Dr. Claudiney Carmona de Souza e Dra. Flávia R. Sasso C. de Souza","5","5","R. Constantino Marochi, 735","Curitiba","Paraná","BR",,"+55 41 3254-3969","Dentista","Dentista cosmético","Clínica odontológica","Clínico geral",,,,,,,"https://www.google.com/maps/search/?api=1&query=Odontologia%20-%20Dr.%20Claudiney%20Carmona%20de%20Souza%20e%20Dra.%20Fl%C3%A1via%20R.%20Sasso%20C.%20de%20Souza&query_place_id=ChIJSTm4WSLk3JQRfpls1pT9qMI","Dentista"
"ODONTOLOGIA BOM RETIRO - Dr Marcio Luiz Mazur","4.8","24","R. Henrique Itiberê da Cunha, 260","Curitiba","Paraná","BR","https://sites.google.com/view/odontologiabomretiro","+55 41 99911-4041","Dentista","Cirurgião dentista",,,,,,,,,"https://www.google.com/maps/search/?api=1&query=ODONTOLOGIA%20BOM%20RETIRO%20-%20Dr%20Marcio%20Luiz%20Mazur&query_place_id=ChIJHXTaiQLk3JQR2K7zoDyAvLg","Dentista"
"Dra. Sheilla Faccin | Dentista no Cabral","5","72","R. Recife, 143","Curitiba","Paraná","BR","https://drasheillafaccin.com.br/","+55 41 99253-6389","Dentista","Endodontista","Cirurgião dentista",,,,,,,,"https://www.google.com/maps/search/?api=1&query=Dra.%20Sheilla%20Faccin%20%7C%20Dentista%20no%20Cabral&query_place_id=ChIJaZm9T9fl3JQRzD5VGuUXJhA","Dentista"
"Dr. Carolina Benato Costa | Dentista","5","32","R. Padre Natal Pigato, 116 - Fundos","Curitiba","Paraná","BR","https://www.dracarolinabenatocosta.com.br/","+55 41 98457-4479","Dentista",,,,,,,,,,"https://www.google.com/maps/search/?api=1&query=Dr.%20Carolina%20Benato%20Costa%20%7C%20Dentista&query_place_id=ChIJidX49K_h3JQRixFh9Q5RinA","Dentista"
"Dr. Solano Guérios - Dentista em Curitiba","5","18","Consultório 4 - R. Mal. Mallet, 313 - sala-04","Curitiba","Paraná","BR","http://drsolano-odontologia.com/","+55 41 98485-1212","Dentista",,,,,,,,,,"https://www.google.com/maps/search/?api=1&query=Dr.%20Solano%20Gu%C3%A9rios%20-%20Dentista%20em%20Curitiba&query_place_id=ChIJtX2gMjLl3JQR5w2wUeQovRE","Dentista"
"DENTISTA DRA RITA DE CASSIA","5","10","R. Rocha Pombo, 670 - Sl 07","Curitiba","Paraná","BR","https://www.dentistadraritadecassia.com.br/","+55 41 99903-3998","Cirurgião dentista",,,,,,,,,,"https://www.google.com/maps/search/?api=1&query=DENTISTA%20DRA%20RITA%20DE%20CASSIA&query_place_id=ChIJxW1Eak3l3JQRF482i8uT6hM","Cirurgião dentista"
"Dentista Dra. Kelly Gracciotim | Odontopediatria","4.9","59","R. Recife, 143","Curitiba","Paraná","BR","https://www.instagram.com/kellygracciotim/","+55 41 3015-2202","Dentista","Clínica odontológica","Cirurgião dentista","Odontopediatra",,,,,,,"https://www.google.com/maps/search/?api=1&query=Dentista%20Dra.%20Kelly%20Gracciotim%20%7C%20Odontopediatria&query_place_id=ChIJL1a1q6nl3JQRCnnR2ibWKPU","Dentista"
"Dra Daphynne - Odontopediatria","5","99","R. Rocha Pombo, 670","Curitiba","Paraná","BR","http://www.dradaphynneodontopediatria.com/","+55 41 99967-0399","Cirurgião dentista","Odontopediatra","Clínica de odontopediatria",,,,,,,,"https://www.google.com/maps/search/?api=1&query=Dra%20Daphynne%20-%20Odontopediatria&query_place_id=ChIJ2frpXhfl3JQRXrgu4Y4amEQ","Cirurgião dentista"
"Soi Odontologia Integrada","4.5","38","R. Dias da Rocha Filho, 104","Curitiba","Paraná","BR","http://www.soiodonto.com.br/","+55 41 3363-2778","Dentista","Clínica odontológica","Periodontia e implantes dentários","Spa facial","Cirurgião dentista","Odontopediatra","Psicólogo","Fonoaudiólogo","Cirurgião",,"https://www.google.com/maps/search/?api=1&query=Soi%20Odontologia%20Integrada&query_place_id=ChIJnSgZiEfk3JQRqIrx4ThXju4","Dentista"
"Spazio Rocha Odontologia e Estética","4.2","94","Av. Manoel Ribas, 6099","Curitiba","Paraná","BR","http://www.spaziorochaodontologia.com.br/","+55 41 99604-3796","Dentista","Esteticista","Dentista cosmético","Clínica odontológica","Cirurgião dentista",,,,,,"https://www.google.com/maps/search/?api=1&query=Spazio%20Rocha%20Odontologia%20e%20Est%C3%A9tica&query_place_id=ChIJ9yLOf6bh3JQRPkikIpkppkU","Dentista"
"Dra Rebecca Canto Canalli | Dentista em Curitiba","5","5","R. Mauá, 219","Curitiba","Paraná","BR","http://www.drarebeccacanalli.com.br/","+55 41 99664-7274","Dentista","Dentista cosmético","Clínica odontológica","Cirurgião dentista","Serviço de clareamento dental",,,,,,"https://www.google.com/maps/search/?api=1&query=Dra%20Rebecca%20Canto%20Canalli%20%7C%20Dentista%20em%20Curitiba&query_place_id=ChIJtz4kvQHl3JQRn8vchqGXmSI","Dentista"
"Dra. Maria - Dentista","5","42","Av. Paraná, 337","Curitiba","Paraná","BR",,"+55 41 99647-8656","Dentista",,,,,,,,,,"https://www.google.com/maps/search/?api=1&query=Dra.%20Maria%20-%20Dentista&query_place_id=ChIJZV0bjojl3JQRePX6dnM61yw","Dentista"
"Orthos","3.7","3","R. Alm. Tamandaré, 1825","Curitiba","Paraná","BR",,"+55 41 3363-3001","Clínica odontológica",,,,,,,,,,"https://www.google.com/maps/search/?api=1&query=Orthos&query_place_id=ChIJ09Q3pzrk3JQRWY5OAcw1O7k","Clínica odontológica"
"Maiorki Odontologia - Clínica Odontológica","5","39","Av. João Gualberto, 1775 - sobreloja","Curitiba","Paraná","BR","https://wa.me/5541997432010?text=Ol%C3%A1!%20Vim%20do%20Google%20e%20gostaria%20de%20saber%20mais%20informa%C3%A7%C3%B5es","+55 41 99743-2010","Clínica odontológica",,,,,,,,,,"https://www.google.com/maps/search/?api=1&query=Maiorki%20Odontologia%20-%20Cl%C3%ADnica%20Odontol%C3%B3gica&query_place_id=ChIJsSjlDiPk3JQRKnwX3iiiRJ8","Clínica odontológica"
"Odontologia Dra. Maria Ana Pastore Rachelle","5","2","Av. Anita Garibaldi, 2140","Curitiba","Paraná","BR",,"+55 41 3253-2192","Dentista",,,,,,,,,,"https://www.google.com/maps/search/?api=1&query=Odontologia%20Dra.%20Maria%20Ana%20Pastore%20Rachelle&query_place_id=ChIJAydxy5bm3JQRRfTUQE-7k98","Dentista"
"SV Odontologia Invisalign • Dr. Alexandre Varnier","5","91","Av. Paraná, 337 - Sala 307","Curitiba","Paraná","BR","http://svodontologia.com.br/","+55 41 99283-7700","Dentista","Ortodontista",,,,,,,,,"https://www.google.com/maps/search/?api=1&query=SV%20Odontologia%20Invisalign%20%E2%80%A2%20Dr.%20Alexandre%20Varnier&query_place_id=ChIJu2pxsErl3JQRS8s42r2TA_Q","Dentista"
"Oral Premium Odontologia","5","5","R. Nilo Peçanha, 754 - sala 04","Curitiba","Paraná","BR","https://www.oralpremium.com.br/","+55 41 4101-1470","Clínica odontológica",,,,,,,,,,"https://www.google.com/maps/search/?api=1&query=Oral%20Premium%20Odontologia&query_place_id=ChIJmToJLx3k3JQR0xYOyqEj9oQ","Clínica odontológica"
"CWB SMILE Odontologia Integrada","5","1","R. Jacarezinho, 1459 - Piso 2 Sala 3","Curitiba","Paraná","BR","https://www.instagram.com/cwbsmile.odontologia/","+55 41 99723-0988","Clínica odontológica",,,,,,,,,,"https://www.google.com/maps/search/?api=1&query=CWB%20SMILE%20Odontologia%20Integrada&query_place_id=ChIJ8Xo3vTrh3JQRhb9vN9_Ufi8","Clínica odontológica"
"Guandalini Odontologia","5","2","Av. Cândido de Abreu, 140 - Cj 604","Curitiba","Paraná","BR","https://www.guandalini.odo.br/","+55 41 3224-4176","Clínica odontológica",,,,,,,,,,"https://www.google.com/maps/search/?api=1&query=Guandalini%20Odontologia&query_place_id=ChIJtVVPJRHk3JQRMKUSkKlhS-Q","Clínica odontológica"
"AVF odontologia","5","31","Av. Cândido de Abreu, 526 - lj 01","Curitiba","Paraná","BR",,"+55 41 3045-7007","Clínica odontológica",,,,,,,,,,"https://www.google.com/maps/search/?api=1&query=AVF%20odontologia&query_place_id=ChIJb0yXCCzl3JQRI-23eyf3w18","Clínica odontológica"
"Gabriela Mantovani Odontologia","5","1","R. Via Veneto, 890 - sala 3","Curitiba","Paraná","BR",,"+55 41 99688-8568","Clínica odontológica",,,,,,,,,,"https://www.google.com/maps/search/?api=1&query=Gabriela%20Mantovani%20Odontologia&query_place_id=ChIJ06DKDC_h3JQRoO36jTCtW_g","Clínica odontológica"
"Clínica Odontológica Dens Odontologia","4.4","5","Tv. Itália, 72","Curitiba","Paraná","BR","http://densodontologia.com/","+55 41 3328-4194","Clínica odontológica","Dentista",,,,,,,,,"https://www.google.com/maps/search/?api=1&query=Cl%C3%ADnica%20Odontol%C3%B3gica%20Dens%20Odontologia&query_place_id=ChIJDTlBdRfk3JQRhZZ0z-uVYUM","Clínica odontológica"
"Dra Bianca Leão - Dentista: Dor e DTM","5","30","R. Marcelino Champagnat, 185 - sala 5","Curitiba","Paraná","BR","https://drabiancaleao.com.br/","+55 41 98735-8829","Dentista",,,,,,,,,,"https://www.google.com/maps/search/?api=1&query=Dra%20Bianca%20Le%C3%A3o%20-%20Dentista%3A%20Dor%20e%20DTM&query_place_id=ChIJ-YeOnRLj3JQRgVbgefdZ_0Q","Dentista"
"Dra. Andressa Rohling, Dentista","4.7","14","Av. Anita Garibaldi, 850","Curitiba","Paraná","BR","https://www.doctoralia.com.br/andressa-rohling/dentista/curitiba?utm_source=google&utm_medium=gmb&utm_campaign=689837&utm_content=website","+55 41 98832-5558","Dentista",,,,,,,,,,"https://www.google.com/maps/search/?api=1&query=Dra.%20Andressa%20Rohling%2C%20Dentista&query_place_id=ChIJA9983Azn3JQR0yuBrlfr1Ro","Dentista"
"Dra. Francielly Gorski","5","45","R. Atílio Bório, 1177","Curitiba","Paraná","BR","https://www.drafrancielly.com.br/","+55 41 99944-1956","Clínica odontológica","Dentista cosmético","Cirurgião dentista",,,,,,,,"https://www.google.com/maps/search/?api=1&query=Dra.%20Francielly%20Gorski&query_place_id=ChIJ1ysIe8vn3JQRBvBThWaagqY","Clínica odontológica"
"IGO - Instituto Guskuma de Odontologia - Curitiba","5","352","R. Augusto Stresser, 593","Curitiba","Paraná","BR","http://www.igoimplantesdentarios.com.br/","+55 41 3359-4884","Dentista","Clínica odontológica","Periodontia e implantes dentários","Clínica de implante dentário","Endodontista","Cirurgião dentista",,,,,"https://www.google.com/maps/search/?api=1&query=IGO%20-%20Instituto%20Guskuma%20de%20Odontologia%20-%20Curitiba&query_place_id=ChIJE1uDdC7l3JQR4uR1xB1p_Vc","Dentista"
"FABIO ANDREACCI ODONTOLOGIA Ortodontia & Odontologia Especializada","5","29","| Anita Shopping - Avenida Anita Garibaldi, 2480 | Sala 35 | Ahú","Curitiba","PR","BR",,"+55 41 3036-1101","Clínica odontológica","Dentista cosmético","Periodontia e implantes dentários","Endodontista","Cirurgião dentista","Ortodontista",,,,,"https://www.google.com/maps/search/?api=1&query=FABIO%20ANDREACCI%20ODONTOLOGIA%20Ortodontia%20%26%20Odontologia%20Especializada&query_place_id=ChIJQY3DN5Tm3JQRjZxGmT652Z0","Clínica odontológica"
"Dra. Louise Scheffer - Dentista no Centro","4.4","7","Edifício Palladion - Av. Cândido de Abreu, 660 - conj. 508","Curitiba","Paraná","BR",,"+55 41 99895-7905","Dentista",,,,,,,,,,"https://www.google.com/maps/search/?api=1&query=Dra.%20Louise%20Scheffer%20-%20Dentista%20no%20Centro&query_place_id=ChIJ1UPtHZr33JQRx7hwuHSatSg","Dentista"
"Arkhus - Dentista em Curitiba","5","61","Praça São Paulo da Cruz, 50 - Sala 406","Curitiba","Paraná","BR",,"+55 41 99167-4711","Dentista","Dentista cosmético",,,,,,,,,"https://www.google.com/maps/search/?api=1&query=Arkhus%20-%20Dentista%20em%20Curitiba&query_place_id=ChIJK2itojnk3JQRFMfvwvM6U2U","Dentista"
"Dr Davi Selow - Dentista no Ahú","5","48","Rua Mal. Mallet, |, 343 - Cons. 05","Curitiba","PR","BR","https://www.neoconceptcuritiba.com.br/profissional/davi-lima-cardoso-selow","+55 41 98523-1464","Cirurgião dentista",,,,,,,,,,"https://www.google.com/maps/search/?api=1&query=Dr%20Davi%20Selow%20-%20Dentista%20no%20Ah%C3%BA&query_place_id=ChIJmZ2QIqHl3JQRIsVkSjDWsCs","Cirurgião dentista"
"Dr. Marcos Destefani Segala, Dentista","5","4","15* andar - Av. Cândido de Abreu, 526 - sala 1503 bloco a","Curitiba","Paraná","BR","https://www.doctoralia.com.br/marcos-destefani-segala/dentista/curitiba?utm_source=google&utm_medium=gmb&utm_campaign=482497&utm_content=website","","Dentista",,,,,,,,,,"https://www.google.com/maps/search/?api=1&query=Dr.%20Marcos%20Destefani%20Segala%2C%20Dentista&query_place_id=ChIJ1-i_aNnl3JQRjGUD398ulRk","Dentista"
"Dra Joyce Britto Carvalho - Dentista em Curitiba","5","10","R. Conselheiro Araújo, 434","Curitiba","Paraná","BR","https://www.instagram.com/drajoycebrittoc/","+55 41 99116-3760","Clínica odontológica",,,,,,,,,,"https://www.google.com/maps/search/?api=1&query=Dra%20Joyce%20Britto%20Carvalho%20-%20Dentista%20em%20Curitiba&query_place_id=ChIJ6aOu0rTl3JQRufd5dYCIxSs","Clínica odontológica"
"Dra Paula Bolonhez | Dentista no Cabral","5","27","Av. Anita Garibaldi, 850","Curitiba","Paraná","BR",,"+55 41 3015-3883","Dentista",,,,,,,,,,"https://www.google.com/maps/search/?api=1&query=Dra%20Paula%20Bolonhez%20%7C%20Dentista%20no%20Cabral&query_place_id=ChIJKf3GWe7l3JQRnxjEXKJka5c","Dentista"
"Dra. Fernanda Bello Costa de Souza, Dentista","5","2","R. Dias da Rocha Filho, 281","Curitiba","Paraná","BR","https://www.doctoralia.com.br/fernanda-bello-costa-de-souza-2/dentista/curitiba?utm_source=google&utm_medium=gmb&utm_campaign=540958&utm_content=website","","Dentista",,,,,,,,,,"https://www.google.com/maps/search/?api=1&query=Dra.%20Fernanda%20Bello%20Costa%20de%20Souza%2C%20Dentista&query_place_id=ChIJ0-NkBEvl3JQRHpL3CVBMb8o","Dentista"
"Dra. Nilza Correa - Dentista","5","13","R. Via Veneto, 1597","Curitiba","Paraná","BR","https://luminacorrea.com.br/","+55 41 3272-4284","Cirurgião dentista",,,,,,,,,,"https://www.google.com/maps/search/?api=1&query=Dra.%20Nilza%20Correa%20-%20Dentista&query_place_id=ChIJf7eJpw7h3JQRX_keiOhMq5w","Cirurgião dentista"
"Dentista Dra Marise Meyer","5","4","R. Rocha Pombo, 650","Curitiba","Paraná","BR","https://www.doctoralia.com.br/marise-meyer-jamur/dentista/curitiba","+55 41 3356-2939","Dentista",,,,,,,,,,"https://www.google.com/maps/search/?api=1&query=Dentista%20Dra%20Marise%20Meyer&query_place_id=ChIJ-wQh8Srk3JQR8XDeecjb4Xw","Dentista"
"Dr. Flávio Napoleão | Dentista","5","30","R. Augusto Severo, 309","Curitiba","Paraná","BR",,"","Ortodontista","Endodontista","Cirurgião dentista",,,,,,,,"https://www.google.com/maps/search/?api=1&query=Dr.%20Fl%C3%A1vio%20Napole%C3%A3o%20%7C%20Dentista&query_place_id=ChIJ5WOPE3rj3JQRVSpg3PtnOFg","Ortodontista"
"Quality Sorriso - Dentista São Braz","4.7","17","Av. Ver. Toaldo Túlio, 3647","Curitiba","Paraná","BR",,"+55 41 3273-3647","Clínica odontológica",,,,,,,,,,"https://www.google.com/maps/search/?api=1&query=Quality%20Sorriso%20-%20Dentista%20S%C3%A3o%20Braz&query_place_id=ChIJM9Aci-vh3JQRBRe54I3Qhxk","Clínica odontológica"
"Dra Rafaela Vaz - Dentista no Hugo Lange","5","9","R. Jaime Balão, 130","Curitiba","Paraná","BR","https://www.instagram.com/drarafaelavaz?igsh=YWR6YWd1NmdhcXNj","+55 41 99747-9903","Cirurgião dentista",,,,,,,,,,"https://www.google.com/maps/search/?api=1&query=Dra%20Rafaela%20Vaz%20-%20Dentista%20no%20Hugo%20Lange&query_place_id=ChIJY1c0g2zl3JQRHOcVWYFNgWo","Cirurgião dentista"
"Domanski Odontologia & Spa","5","10","Rua Desembargador Arthur Leme, 351","Curitiba","Paraná","BR",,"+55 41 98896-5995","Cirurgião dentista",,,,,,,,,,"https://www.google.com/maps/search/?api=1&query=Domanski%20Odontologia%20%26%20Spa&query_place_id=ChIJofSGMqrn3JQRD6fGvyeZNb4","Cirurgião dentista"
"Dra. Juliana Zanin - Cirurgiã Dentista","5","34","Av. João Gualberto, 1881 - 19º andar - sala 1907","Curitiba","Paraná","BR","https://www.instagram.com/dra.julianazanin","+55 41 98779-8649","Dentista",,,,,,,,,,"https://www.google.com/maps/search/?api=1&query=Dra.%20Juliana%20Zanin%20-%20Cirurgi%C3%A3%20Dentista&query_place_id=ChIJ20wE08Ll3JQRbUcYrj7d1f4","Dentista"
"Gnatta Odontologia","5","11","Centro Comercial Napoli - R. Saturnino Miranda, 803 - Sala 10 - 1º Andar","Curitiba","Paraná","BR",,"+55 41 99619-7477","Clínica odontológica",,,,,,,,,,"https://www.google.com/maps/search/?api=1&query=Gnatta%20Odontologia&query_place_id=ChIJ_ymqw5bh3JQR_ZHfL8gqKxY","Clínica odontológica"
"ENNES e MEISTER ODONTOLOGIA","5","11","Av. Ver. Toaldo Túlio, 4323","Curitiba","Paraná","BR",,"+55 41 3272-3890","Clínica odontológica",,,,,,,,,,"https://www.google.com/maps/search/?api=1&query=ENNES%20e%20MEISTER%20ODONTOLOGIA&query_place_id=ChIJcQWwru_h3JQR8svp0QF-OH4","Clínica odontológica"
"Gandelman Odontologia e Estética","4.9","95","R. Valdívia, 572","Curitiba","Paraná","BR",,"+55 41 3018-5906","Clínica odontológica",,,,,,,,,,"https://www.google.com/maps/search/?api=1&query=Gandelman%20Odontologia%20e%20Est%C3%A9tica&query_place_id=ChIJ4YB7Rmbl3JQRFuFQoe7j5m8","Clínica odontológica"
"Dra Renata Ribas Odontologia Estética","5","1","R. Gen. Carneiro, 662","Curitiba","Paraná","BR",,"+55 41 98895-3895","Dentista",,,,,,,,,,"https://www.google.com/maps/search/?api=1&query=Dra%20Renata%20Ribas%20Odontologia%20Est%C3%A9tica&query_place_id=ChIJOwhGXpHl3JQRL4VUQ31uddM","Dentista"
"Barrozo Ceschin Odontologia Integrada","5","32","Av. Cândido de Abreu, 776","Curitiba","Paraná","BR","http://contate.me/5541984099333","+55 41 98409-9333","Dentista","Clínica odontológica",,,,,,,,,"https://www.google.com/maps/search/?api=1&query=Barrozo%20Ceschin%20Odontologia%20Integrada&query_place_id=ChIJW2XRvwvl3JQRE99XQMpg25k","Dentista"
"JH Odontologia","4.6","38","R. Mariano Torres, 134","Curitiba","Paraná","BR","https://www.instagram.com/clinica_odontologica_jh?igsh=NjB2amN6ZTQ4eWVj","+55 41 98721-7078","Clínica odontológica",,,,,,,,,,"https://www.google.com/maps/search/?api=1&query=JH%20Odontologia&query_place_id=ChIJMVHa8dDl3JQRqiNr7hvYLLE","Clínica odontológica"
"Vivenne Odontologia","5","62","Edson Campos Matesich, 618 Jardim Ipê","Curitiba","PR","BR","http://vivenneodontologia.com.br/","+55 41 99999-6379","Dentista","Clínica odontológica","Periodontia e implantes dentários","Clínica de implante dentário","Serviço dentário de emergência","Endodontista","Cirurgião dentista","Ortodontista","Serviço de clareamento dental",,"https://www.google.com/maps/search/?api=1&query=Vivenne%20Odontologia&query_place_id=ChIJO0_EXgDh3JQRXbwtvMLBbEI","Dentista"
"Beckel Odontologia Integrada","5","10","R. Euclides Bandeira, 1989","Curitiba","Paraná","BR","https://www.instagram.com/beckelodontologia/","+55 41 98793-7914","Clínica odontológica",,,,,,,,,,"https://www.google.com/maps/search/?api=1&query=Beckel%20Odontologia%20Integrada&query_place_id=ChIJ2ReEqMnn3JQR1wmBJwV-Hx8","Clínica odontológica"
"Varela Odontologia - Tratamento do Ronco e Apneia, ortodontia e prótese","5","62","R. Conselheiro Carrão, 1585","Curitiba","Paraná","BR","http://www.varelaodontologia.com.br/","+55 41 99751-7565","Cirurgião dentista","Ortodontista",,,,,,,,,"https://www.google.com/maps/search/?api=1&query=Varela%20Odontologia%20-%20Tratamento%20do%20Ronco%20e%20Apneia%2C%20ortodontia%20e%20pr%C3%B3tese&query_place_id=ChIJXYNcXbXl3JQRhioC0cbjpzE","Cirurgião dentista"
"Clínica Pierre Fauchard Odontologia","4.6","62","Av. Munhoz da Rocha, 668","Curitiba","Paraná","BR","http://www.facebook.com/cpfauchard","+55 41 98811-8425","Clínica odontológica",,,,,,,,,,"https://www.google.com/maps/search/?api=1&query=Cl%C3%ADnica%20Pierre%20Fauchard%20Odontologia&query_place_id=ChIJMfxGtSjk3JQR0N8mJRLbV0o","Clínica odontológica"
"AeS Odontologia","4.9","67","Rua São Francisco, 232 Galeria “A, Travessa, Loja 04","Curitiba","PR","BR","http://aesodontologia.com.br/","+55 41 98417-3377","Clínica odontológica",,,,,,,,,,"https://www.google.com/maps/search/?api=1&query=AeS%20Odontologia&query_place_id=ChIJo_VCKL3l3JQRf_RVaodvHw4","Clínica odontológica"
"Felpe Odontologia","4.7","106","R. Camões, 1476","Curitiba","Paraná","BR","http://www.felpe.com.br/","+55 41 99670-6162","Dentista",,,,,,,,,,"https://www.google.com/maps/search/?api=1&query=Felpe%20Odontologia&query_place_id=ChIJNTaCbzTk3JQRtblmlsf2GDE","Dentista"
"AH Odontologia","5","5","Av. Manoel Ribas, 1473 - SALA 101","Curitiba","Paraná","BR",,"+55 41 99647-3739","Dentista",,,,,,,,,,"https://www.google.com/maps/search/?api=1&query=AH%20Odontologia&query_place_id=ChIJn_RST4_j3JQR-6456-CwD3o","Dentista"
"Dr Fabricio Leite - Cirurgião Dentista","5","69","R. Dias da Rocha Filho, 1399","Curitiba","Paraná","BR",,"+55 41 99936-2244","Cirurgião dentista",,,,,,,,,,"https://www.google.com/maps/search/?api=1&query=Dr%20Fabricio%20Leite%20-%20Cirurgi%C3%A3o%20Dentista&query_place_id=ChIJW7NKDnLl3JQRCdT9TONlMew","Cirurgião dentista"
"Dra Larissa Martins cirurgiã-dentista","5","6","Av. João Gualberto, 1342 - sala 1707","Curitiba","Paraná","BR","https://www.instagram.com/larissamodontologia","+55 41 99983-3742","Cirurgião dentista",,,,,,,,,,"https://www.google.com/maps/search/?api=1&query=Dra%20Larissa%20Martins%20cirurgi%C3%A3-dentista&query_place_id=ChIJ2VfKTP_l3JQRwqGya6v0KwU","Cirurgião dentista"
"DENTISTA - Dra. Alessandra Reis","5","10","R. Dr. Faivre, 306 B","Curitiba","Paraná","BR","https://aleos86.wixsite.com/dra-alessandra-reis","+55 41 99989-9289","Clínica odontológica",,,,,,,,,,"https://www.google.com/maps/search/?api=1&query=DENTISTA%20-%20Dra.%20Alessandra%20Reis&query_place_id=ChIJtfhrNHnl3JQRyFudeUACduY","Clínica odontológica"
"Dentista Melissa Pallu Davaus Endodontia l Prótese dentária e implantes .","5","4","Av. Manoel Ribas, 985 - Sala 1","Curitiba","Paraná","BR",,"+55 41 99962-7126","Cirurgião dentista",,,,,,,,,,"https://www.google.com/maps/search/?api=1&query=Dentista%20Melissa%20Pallu%20Davaus%20Endodontia%20l%20Pr%C3%B3tese%20dent%C3%A1ria%20e%20implantes%20.&query_place_id=ChIJRW9j5Hbj3JQRkfTQPCwIKrQ","Cirurgião dentista"
"Dra. Camila Barrozo, Dentista","5","2","Av. Cândido de Abreu, 776 - sala 102","Curitiba","Paraná","BR","https://www.doctoralia.com.br/camila-barrozo/dentista/curitiba?utm_source=google&utm_medium=gmb&utm_campaign=786643&utm_content=website","+55 41 98409-9333","Dentista",,,,,,,,,,"https://www.google.com/maps/search/?api=1&query=Dra.%20Camila%20Barrozo%2C%20Dentista&query_place_id=ChIJm8CtCxDl3JQRsy7LSiEx-BM","Dentista"
"Dentista Dra. Liza Andrade Donato","5","15","R. Itupava, 1299 - Sala 212","Curitiba","Paraná","BR",,"+55 41 99103-7477","Cirurgião dentista",,,,,,,,,,"https://www.google.com/maps/search/?api=1&query=Dentista%20Dra.%20Liza%20Andrade%20Donato&query_place_id=ChIJdyLoG5Xl3JQR7Vv7CFrfpBk","Cirurgião dentista"
"Dentista Curitiba","5","2","R. Itupava, 772 - L2","Curitiba","Paraná","BR","https://ortodontiacuritiba.com.br/","+55 41 3015-0841","Cirurgião dentista","Periodontia e implantes dentários","Endodontista","Ortodontista",,,,,,,"https://www.google.com/maps/search/?api=1&query=Dentista%20Curitiba&query_place_id=ChIJKYytPdzl3JQR8gupT6g9CsU","Cirurgião dentista"
"Luiz Alberto Costa Cirurgião Dentista","5","2","R. Mateus Leme, 5971 - Loja 01","Curitiba","Paraná","BR",,"+55 41 3255-1498","Cirurgião dentista",,,,,,,,,,"https://www.google.com/maps/search/?api=1&query=Luiz%20Alberto%20Costa%20Cirurgi%C3%A3o%20Dentista&query_place_id=ChIJP0T_kdrm3JQRE-cmZ22mE4U","Cirurgião dentista"
"Dra. Aline de Siqueira Butzke Marçal, Dentista",,,"R. Alberto Folloni, 1168","Curitiba","Paraná","BR","https://www.doctoralia.com.br/aline-de-siqueira-butzke-marcal/dentista-ortodontista/curitiba?utm_source=google&utm_medium=gmb&utm_campaign=798519&utm_content=website","","Dentista",,,,,,,,,,"https://www.google.com/maps/search/?api=1&query=Dra.%20Aline%20de%20Siqueira%20Butzke%20Mar%C3%A7al%2C%20Dentista&query_place_id=ChIJ6ReEnz_n3JQRMOBU6NQXdTw","Dentista"
"Dentista Dr. Alessandro de Mello Rodrigues","5","7","Av. Cândido de Abreu, 140","Curitiba","Paraná","BR","https://www.instagram.com/dralessandromrodrigues/","+55 41 3015-6515","Dentista",,,,,,,,,,"https://www.google.com/maps/search/?api=1&query=Dentista%20Dr.%20Alessandro%20de%20Mello%20Rodrigues&query_place_id=ChIJ_3wKV_Tl3JQRW65aC1Ue-RI","Dentista"
"Clínica Rabelo & Sena Odontologia/ Ortodontia/ Dentista em Curitiba","5","99","R. Nicolau Maeder, 752","Curitiba","Paraná","BR","https://rabeloesenaortodontia.com.br/","+55 41 99920-2684","Dentista","Dentista cosmético","Clínica odontológica","Periodontia e implantes dentários","Endodontista","Cirurgião dentista","Ortodontista","Periodontista",,,"https://www.google.com/maps/search/?api=1&query=Cl%C3%ADnica%20Rabelo%20%26%20Sena%20Odontologia%2F%20Ortodontia%2F%20Dentista%20em%20Curitiba&query_place_id=ChIJNS5JfSTk3JQRMPWP8dLiWVI","Dentista"
"Dra Ana Dentista",,,"Av. João Gualberto, 1342","Curitiba","Paraná","BR",,"","Clínica odontológica",,,,,,,,,,"https://www.google.com/maps/search/?api=1&query=Dra%20Ana%20Dentista&query_place_id=ChIJ-8IaZQDl3JQRFNLWOUT8ZsI","Clínica odontológica"
"Dra. Giovana Frigotto | Dentista em Curitiba | Invisalign e aparelhos dentais","4.8","19","Av. Munhoz da Rocha, 668","Curitiba","Paraná","BR","https://www.instagram.com/giovanafrigotto.ortodontia/","+55 41 98811-8425","Dentista","Ortodontista",,,,,,,,,"https://www.google.com/maps/search/?api=1&query=Dra.%20Giovana%20Frigotto%20%7C%20Dentista%20em%20Curitiba%20%7C%20Invisalign%20e%20aparelhos%20dentais&query_place_id=ChIJVXX1Fj3l3JQRNIr6Jw0PvKU","Dentista"
"Dentista Ricardo Bressan","5","9","R. André Zanetti, 301","Curitiba","Paraná","BR",,"+55 41 99933-5606","Clínica odontológica",,,,,,,,,,"https://www.google.com/maps/search/?api=1&query=Dentista%20Ricardo%20Bressan&query_place_id=ChIJJ9BmLRPh3JQRVVFR_1J2950","Clínica odontológica"
"Dra. Fernanda Baron de Souza Roth, Dentista","1.5","2","Rua - Av. Ver. Toaldo Túlio, 612","Curitiba","Paraná","BR","https://www.doctoralia.com.br/fernanda-baron-de-souza-roth/dentista/curitiba?utm_source=google&utm_medium=gmb&utm_campaign=682298&utm_content=website","","Dentista",,,,,,,,,,"https://www.google.com/maps/search/?api=1&query=Dra.%20Fernanda%20Baron%20de%20Souza%20Roth%2C%20Dentista&query_place_id=ChIJp_MBA9vh3JQRhEtq8b70iF0","Dentista"
"Dra. Cláudia D. Cherner - Cirurgião Dentista",,,"Av. Ver. Toaldo Túlio, 2306 - Sala 03","Curitiba","Paraná","BR",,"+55 41 3372-0407","Clínica odontológica",,,,,,,,,,"https://www.google.com/maps/search/?api=1&query=Dra.%20Cl%C3%A1udia%20D.%20Cherner%20-%20Cirurgi%C3%A3o%20Dentista&query_place_id=ChIJidmqkMbh3JQR-n_v591xeDg","Clínica odontológica"
"Dr Jean Santos - Cirurgião Dentista","3.7","3","Av. Cândido de Abreu, 427 - sala 1210","Curitiba","Paraná","BR","http://www.drjeansantos.com.br/","+55 41 3085-7844","Cirurgião dentista",,,,,,,,,,"https://www.google.com/maps/search/?api=1&query=Dr%20Jean%20Santos%20-%20Cirurgi%C3%A3o%20Dentista&query_place_id=ChIJM0pZij_k3JQRq7p_MC8fqtc","Cirurgião dentista"
"WR Instituto Odontológico | Dr Walter Rosa | Implantes dentários | prótese protocolo | Dentista em Centro Cívico Curitiba","5","11","R. Heitor Stockler de França, 396 - Conjunto 1502","Curitiba","Paraná","BR","https://www.wrinstitutoodontologico.com.br/","+55 41 99865-9034","Dentista","Clínica odontológica","Periodontia e implantes dentários",,,,,,,,"https://www.google.com/maps/search/?api=1&query=WR%20Instituto%20Odontol%C3%B3gico%20%7C%20Dr%20Walter%20Rosa%20%7C%20Implantes%20dent%C3%A1rios%20%7C%20pr%C3%B3tese%20protocolo%20%7C%20Dentista%20em%20Centro%20C%C3%ADvico%20Curitiba&query_place_id=ChIJbWnzhmDl3JQRtE-ch-TloGY","Dentista"
"Dr. Eduardo Anversa - Cirurgião Dentista","5","13","R. Alm. Tamandaré, 1825","Curitiba","Paraná","BR","https://dreduardoanversa.com.br/","+55 41 99935-6060","Dentista","Cirurgião dentista","Ortodontista",,,,,,,,"https://www.google.com/maps/search/?api=1&query=Dr.%20Eduardo%20Anversa%20-%20Cirurgi%C3%A3o%20Dentista&query_place_id=ChIJzzdKPXbl3JQRwKbsjIEf04M","Dentista"
"Dentista Dr. Helcio","5","8","R. Nicarágua, 962 - Sala 05","Curitiba","Paraná","BR",,"+55 41 3256-1652","Dentista",,,,,,,,,,"https://www.google.com/maps/search/?api=1&query=Dentista%20Dr.%20Helcio&query_place_id=ChIJ52gKRX_m3JQRIWIzW4z4q4g","Dentista"
"PrevPar Odontologia","5","8","R. Dr. Álvaro Albuquerque, 141","Curitiba","Paraná","BR","https://www.prevpar.com.br/","+55 41 3244-5150","Clínica odontológica",,,,,,,,,,"https://www.google.com/maps/search/?api=1&query=PrevPar%20Odontologia&query_place_id=ChIJ-SK8k-bj3JQRvfg18IWSi1A","Clínica odontológica"
"Karin Barcz Odontologia e Laserterapia","5","16","Av. João Gualberto, 1731","Curitiba","Paraná","BR","https://www.karinbarcz.com.br/","+55 41 99187-2398","Clínica odontológica",,,,,,,,,,"https://www.google.com/maps/search/?api=1&query=Karin%20Barcz%20Odontologia%20e%20Laserterapia&query_place_id=ChIJ3xbrLULl3JQRNwzu20-N6M0","Clínica odontológica"
"LC Odontologia","4.8","22","R. Augusto Severo, 309","Curitiba","Paraná","BR",,"+55 41 3078-9374","Dentista","Clínica odontológica",,,,,,,,,"https://www.google.com/maps/search/?api=1&query=LC%20Odontologia&query_place_id=ChIJ62AwNynl3JQRuaCCSzqf0Wc","Dentista"
"Odontologia Dra Gisele Longhi","5","27","Rua Antônio Escorsin, 1896 - loja 1","Curitiba","Paraná","BR","https://sites.google.com/view/gisele-longhi/in%C3%ADcio?authuser=1&_gl=1*j13u7g*_ga*MTc4NjcwNDU3MS4xNzE0NDc2ODEw*_ga_V9K47ZG8NP*MTcxNjU1Njk3MC4zNy4xLjE3MTY1NTc3MjYuNjAuMC4w","+55 41 99581-8072","Ortodontista","Dentista cosmético","Clínica odontológica","Clínica de implante dentário","Dentista","Cirurgião dentista",,,,,"https://www.google.com/maps/search/?api=1&query=Odontologia%20Dra%20Gisele%20Longhi&query_place_id=ChIJoe9_7urh3JQRR_94wC1IJ9U","Ortodontista"
"Telos Odontologia","5","8","Av. Paraná, 1517 - Sala 207","Curitiba","Paraná","BR",,"+55 41 98530-6996","Clínica odontológica","Dentista","Endodontista","Cirurgião dentista",,,,,,,"https://www.google.com/maps/search/?api=1&query=Telos%20Odontologia&query_place_id=ChIJh1-jlD_n3JQROmhHKTZrtgU","Clínica odontológica"
"Clínica Mendes Odontologia – Alto da Glória","4.8","233","Av. João Gualberto, 1342 - Sala 609","Curitiba","Paraná","BR","https://clinicamendescwb.com/","+55 41 98789-0446","Clínica odontológica","Acupunturista","Periodontia e implantes dentários","Clínica de implante dentário","Dentista","Endodontista","Homeopatia","Ortodontista","Clínica de odontopediatria","Clínica do sono","https://www.google.com/maps/search/?api=1&query=Cl%C3%ADnica%20Mendes%20Odontologia%20%E2%80%93%20Alto%20da%20Gl%C3%B3ria&query_place_id=ChIJF4HDDq_w3JQR4ekfshOwgPQ","Clínica odontológica"
"Instituto Thomé de Odontologia","4.8","14","Urban Office - Av. João Gualberto, 1342 - Sala 802","Curitiba","Paraná","BR","https://thomeodontologia.com/","+55 41 3252-3537","Clínica odontológica",,,,,,,,,,"https://www.google.com/maps/search/?api=1&query=Instituto%20Thom%C3%A9%20de%20Odontologia&query_place_id=ChIJZ_w4Yzvl3JQRKD1Dt3IfgLQ","Clínica odontológica"
"Instituto Costa Odontologia","4.3","12","Rua Amaury lange silverio, 759","Curitiba","Paraná","BR",,"+55 41 98804-1757","Clínica odontológica","Limpeza","Ortodontista",,,,,,,,"https://www.google.com/maps/search/?api=1&query=Instituto%20Costa%20Odontologia&query_place_id=ChIJ0aDC_Dvn3JQRWRWBwZjC0Ts","Clínica odontológica"
"odontologia",,,"Av. Ver. Toaldo Túlio","Curitiba","Paraná","BR",,"+55 41 99286-4619","Laboratório de odontologia",,,,,,,,,,"https://www.google.com/maps/search/?api=1&query=odontologia&query_place_id=ChIJf1CfbRPh3JQRZAmsYEij6lU","Laboratório de odontologia"
"Clínica São Francisco Odontologia","4.4","5","R. Sen. Xavier da Silva, 154","Curitiba","Paraná","BR",,"+55 41 3023-4034","Clínica odontológica",,,,,,,,,,"https://www.google.com/maps/search/?api=1&query=Cl%C3%ADnica%20S%C3%A3o%20Francisco%20Odontologia&query_place_id=ChIJJwMypRrk3JQRvzVgNpBFvXA","Clínica odontológica"
"White Odontologia Integrada - Liliane M. Vizzotto e Juliana M. Vizzotto","5","6","R. Augusto Stresser, 1563 - 01","Curitiba","Paraná","BR","https://www.instagram.com/whitebemestar/","+55 41 99235-7186","Clínica odontológica","Dentista cosmético","Periodontia e implantes dentários","Dentista","Cirurgião dentista",,,,,,"https://www.google.com/maps/search/?api=1&query=White%20Odontologia%20Integrada%20-%20Liliane%20M.%20Vizzotto%20e%20Juliana%20M.%20Vizzotto&query_place_id=ChIJqfYVfzTk3JQRaaLcpy1qsEA","Clínica odontológica"
"Consultório de Odontologia, Ginecologia e Psicologia","5","2","R. Barão de Guaraúna, 648","Curitiba","Paraná","BR",,"+55 41 3092-9222","Centro médico",,,,,,,,,,"https://www.google.com/maps/search/?api=1&query=Consult%C3%B3rio%20de%20Odontologia%2C%20Ginecologia%20e%20Psicologia&query_place_id=ChIJWeyn8iTk3JQR4mru9GJEmXE","Centro médico"
"Goya Odontologia e Estética","4.9","19","R. Manoel Padilha de Lima, 227","Curitiba","Paraná","BR",,"+55 41 3353-6355","Clínica odontológica","Centro estético",,,,,,,,,"https://www.google.com/maps/search/?api=1&query=Goya%20Odontologia%20e%20Est%C3%A9tica&query_place_id=ChIJqTxtSZfm3JQRifzI0WrZbN0","Clínica odontológica"
"Alessi Odontologia","4.8","23","Torre Neo Business - R. Heitor Stockler de França, 396 - Sala 1504","Curitiba","Paraná","BR","https://alessiodontologia.com.br/","+55 41 99685-6044","Clínica odontológica",,,,,,,,,,"https://www.google.com/maps/search/?api=1&query=Alessi%20Odontologia&query_place_id=ChIJ_xtpaVvj3JQRk5UzyWWtnIo","Clínica odontológica"
"Dra. Camille Broocke - Odontologia","5","19","Av. Anita Garibaldi, 2480 - loja 15","Curitiba","Paraná","BR","http://www.dracamillebroocke.com.br/","+55 41 3434-4343","Clínica odontológica","Dentista cosmético","Clínica de implante dentário","Centro de saúde e beleza","Cirurgião oral e maxilofacial","Ortodontista",,,,,"https://www.google.com/maps/search/?api=1&query=Dra.%20Camille%20Broocke%20-%20Odontologia&query_place_id=ChIJz9HeF5Tm3JQRv-s2GcdWulA","Clínica odontológica"
"Odontologia - Giovana Gabardo","5","1","R. Augusto Severo, 309","Curitiba","Paraná","BR","https://www.instagram.com/p/CXHlaHjF_wi/?utm_medium=copy_link","+55 41 99564-7909","Cirurgião dentista",,,,,,,,,,"https://www.google.com/maps/search/?api=1&query=Odontologia%20-%20Giovana%20Gabardo&query_place_id=ChIJ6dIMGyHk3JQRC8jriSih0kg","Cirurgião dentista"
"Barros Alves Odontologia","5","8","R. Mal. Hermes, 678 - Cj 11","Curitiba","Paraná","BR","http://www.barrosalves.com.br/","+55 41 3077-9797","Clínica odontológica","Periodontia e implantes dentários","Endodontista","Ortodontista","Laboratório de prótese e órtese",,,,,,"https://www.google.com/maps/search/?api=1&query=Barros%20Alves%20Odontologia&query_place_id=ChIJmZ2yOx_k3JQRLJRZKEqX02E","Clínica odontológica"
"ODONTOLOGIA",,,"R. Riachuelo, 348A","Curitiba","Paraná","BR",,"",,,,,,,,,,,"https://www.google.com/maps/search/?api=1&query=ODONTOLOGIA&query_place_id=ChIJB5GajxPk3JQRhikLF-qI9Kc",
"Dentista Alto da XV",,,"Praça São Paulo da Cruz, 50","Curitiba","Paraná","BR","https://www.doctoralia.com.br/z/TUZXid","+55 41 99202-0808","Dentista",,,,,,,,,,"https://www.google.com/maps/search/?api=1&query=Dentista%20Alto%20da%20XV&query_place_id=ChIJQ8yksMXl3JQRUzV-KONU2bs","Dentista"
"Dra Vitoria Fregonese | Dentista no Ahú","5","12","Rua Marechal Mallet 313 | Consult. 04, R. Mal. Mallet, 313","Curitiba","PR","BR",,"+55 41 99854-7017","Dentista","Cirurgião dentista","Endodontista","Periodontista","Serviço de clareamento dental",,,,,,"https://www.google.com/maps/search/?api=1&query=Dra%20Vitoria%20Fregonese%20%7C%20Dentista%20no%20Ah%C3%BA&query_place_id=ChIJSUhTg5Dl3JQRn2i3Y87uCgI","Dentista"
"Odontologia Especializada Dra. Paula Cardoso","5","1","R. Estados Unidos, 788","Curitiba","Paraná","BR","http://drapaulacardoso.com.br/","+55 41 3023-1984","Clínica odontológica","Endodontista",,,,,,,,,"https://www.google.com/maps/search/?api=1&query=Odontologia%20Especializada%20Dra.%20Paula%20Cardoso&query_place_id=ChIJbbvSkNTl3JQRgjo2n-3E_RY","Clínica odontológica"
"Dentista Dra. Julia Caroline Telles",,,"Av. Manoel Ribas, 1473 - 1º andar","Curitiba","Paraná","BR",,"","Dentista",,,,,,,,,,"https://www.google.com/maps/search/?api=1&query=Dentista%20Dra.%20Julia%20Caroline%20Telles&query_place_id=ChIJPVnr-Wvj3JQR2yKM4FXqEM0","Dentista"
"Dr. Paulo Henrique Pires, Dentista","5","1","Av. João Gualberto, 1673 - sala 81","Curitiba","Paraná","BR","https://www.doctoralia.com.br/paulo-henrique-pires/dentista/curitiba?utm_source=google&utm_medium=gmb&utm_campaign=753681&utm_content=website","+55 41 99595-0825","Dentista",,,,,,,,,,"https://www.google.com/maps/search/?api=1&query=Dr.%20Paulo%20Henrique%20Pires%2C%20Dentista&query_place_id=ChIJTRPDp87l3JQRAMrpOxp53lg","Dentista"
"Seu Dentista",,,"Praça do Redentor, 722 - sala 01","Curitiba","Paraná","BR",,"+55 41 3149-6548","Dentista","Clínica odontológica",,,,,,,,,"https://www.google.com/maps/search/?api=1&query=Seu%20Dentista&query_place_id=ChIJhbmJNwXk3JQRQ00JtYv3-n0","Dentista"
"Dentista | Consultorio Odontológico Dr. Fabioneide Cândido",,,"R. Itupava, 701","Curitiba","Paraná","BR","https://drafabicandido.com.br/","+55 41 98838-4114","Ortodontista","Periodontia e implantes dentários","Serviço de clareamento dental",,,,,,,,"https://www.google.com/maps/search/?api=1&query=Dentista%20%7C%20Consultorio%20Odontol%C3%B3gico%20Dr.%20Fabioneide%20C%C3%A2ndido&query_place_id=ChIJbwsF6k3l3JQRl2nxVn4r_og","Ortodontista"
"Odontologia Dra. Daniela Presa","5","33","R. Mateus Leme, 2671","Curitiba","Paraná","BR","http://danipresaodonto.com.br/","+55 41 99623-4518","Clínica odontológica",,,,,,,,,,"https://www.google.com/maps/search/?api=1&query=Odontologia%20Dra.%20Daniela%20Presa&query_place_id=ChIJxyZlVaTm3JQR2bqNCxajO-0","Clínica odontológica"
"Eduardo Daudt - Odontologia Estética Restauradora","5","1","R. Paulo Graeser Sobrinho, 362","Curitiba","Paraná","BR",,"+55 41 3338-7383","Clínica odontológica",,,,,,,,,,"https://www.google.com/maps/search/?api=1&query=Eduardo%20Daudt%20-%20Odontologia%20Est%C3%A9tica%20Restauradora&query_place_id=ChIJy2a4XgHk3JQRronYybrqf3U","Clínica odontológica"
"Jaworski Odontologia | Dr Mario Jaworski","5","6","R. Dias da Rocha Filho, 1399","Curitiba","Paraná","BR",,"+55 41 3086-2636","Clínica odontológica",,,,,,,,,,"https://www.google.com/maps/search/?api=1&query=Jaworski%20Odontologia%20%7C%20Dr%20Mario%20Jaworski&query_place_id=ChIJo4hOWbPl3JQR50aUDlo4Lio","Clínica odontológica"
"Odonto Sorriso (Dr. Otávio Oliva Silva)","4.8","46","R. Padre Anchieta, 321","Curitiba","Paraná","BR","http://odontosorrisocuritiba.com/?utm_source=gmb&utm_medium=referral","+55 41 3234-2009","Clínica odontológica","Periodontia e implantes dentários","Dentista","Serviço de emergência médica","Clínico geral","Ortodontista",,,,,"https://www.google.com/maps/search/?api=1&query=Odonto%20Sorriso%20(Dr.%20Ot%C3%A1vio%20Oliva%20Silva)&query_place_id=ChIJMfgejGvk3JQR2aI3zIruTE8","Clínica odontológica"
"Implantes Dentários Curitiba - Centro Odontológico Supreme","5","188","https://dd360.app/centrosupreme, R. André Zanetti, 301","Curitiba","PR","BR","https://centrosupreme.com.br/","+55 41 99121-2414","Clínica de implante dentário","Clínica odontológica","Endodontista","Cirurgião dentista","Ortodontista","Odontopediatra","Periodontista","Serviço de clareamento dental",,,"https://www.google.com/maps/search/?api=1&query=Implantes%20Dent%C3%A1rios%20Curitiba%20-%20Centro%20Odontol%C3%B3gico%20Supreme&query_place_id=ChIJ61g0Z-3h3JQRjdXE3uGzlZg","Clínica de implante dentário"
"Beltrán Odonto","5","193","Rua Dr. Nelson Lins D'Albuquerque, 110","Curitiba","Paraná","BR","https://beltranodonto.com.br/","+55 41 99235-3223","Clínica odontológica",,,,,,,,,,"https://www.google.com/maps/search/?api=1&query=Beltr%C3%A1n%20Odonto&query_place_id=ChIJvxcPsGrk3JQR8MziBI6htyA","Clínica odontológica"
"clinica odontologica santa felicidade","3.3","10","R. Via Veneto, 1117","Curitiba","Paraná","BR",,"+55 41 3402-8012","Cirurgião dentista",,,,,,,,,,"https://www.google.com/maps/search/?api=1&query=clinica%20odontologica%20santa%20felicidade&query_place_id=ChIJs5DiCDzh3JQRcayhzjwdXqY","Cirurgião dentista"
"Bio Excellence Odonto Médica","4.8","66","Rua João Tschannerl, 743 - salas 01 e 02","Curitiba","Paraná","BR","https://clinicabioexcellence.com.br/","+55 41 3013-3322","Clínica odontológica",,,,,,,,,,"https://www.google.com/maps/search/?api=1&query=Bio%20Excellence%20Odonto%20M%C3%A9dica&query_place_id=ChIJB02d9k7h3JQRc1fSImXCWXc","Clínica odontológica"
"Consultório odontológico Dra Débora Andrade","5","1","Av. Manoel Ribas, 7407","Curitiba","Paraná","BR",,"+55 41 3369-5391","Clínica odontológica",,,,,,,,,,"https://www.google.com/maps/search/?api=1&query=Consult%C3%B3rio%20odontol%C3%B3gico%20Dra%20D%C3%A9bora%20Andrade&query_place_id=ChIJ-SRzSqHh3JQR13Zj9qveUGo","Clínica odontológica"
"Odonto Sorriso","5","13","R. Padre Anchieta, 321","Curitiba","Paraná","BR",,"+55 41 99792-5068","Clínica odontológica","Periodontia e implantes dentários","Cirurgião dentista","Ortodontista","Laboratório de prótese e órtese",,,,,,"https://www.google.com/maps/search/?api=1&query=Odonto%20Sorriso&query_place_id=ChIJIxbqkWvk3JQRMowrk3ZZyrU","Clínica odontológica"
"Felicitá Centro Odontológico","4","73","R. Via Veneto, 1460","Curitiba","Paraná","BR",,"+55 41 3013-4088","Clínica odontológica","Periodontia e implantes dentários","Endodontista","Cirurgião dentista","Ortodontista","Odontopediatra",,,,,"https://www.google.com/maps/search/?api=1&query=Felicit%C3%A1%20Centro%20Odontol%C3%B3gico&query_place_id=ChIJMeiyFKbh3JQRHH5frnuNdZo","Clínica odontológica"
"Clínica Odontológica Iguaçu","5","1","R. Alferes Ângelo Sampaio, 2760","Curitiba","Paraná","BR",,"+55 41 3242-8755","Clínica odontológica",,,,,,,,,,"https://www.google.com/maps/search/?api=1&query=Cl%C3%ADnica%20Odontol%C3%B3gica%20Igua%C3%A7u&query_place_id=ChIJWeZ7XZnj3JQRWfSHVeDme_g","Clínica odontológica"
"Conceitual Clínica Odontológica","4.9","138","Av. Rep. Argentina, 452 - Sala 408","Curitiba","Paraná","BR",,"+55 41 99990-3331","Clínica odontológica",,,,,,,,,,"https://www.google.com/maps/search/?api=1&query=Conceitual%20Cl%C3%ADnica%20Odontol%C3%B3gica&query_place_id=ChIJ59Mb1p7j3JQRx_bqjMNSCDQ","Clínica odontológica"
"Dra. Maria Nina Munoz - Dentista 24 Horas","5","149","Local 3 - R. Mal. Rondon, 327","Curitiba","Paraná","BR","https://beacons.ai/dra.mariodonto","+55 41 99157-6281","Dentista","Clínica odontológica",,,,,,,,,"https://www.google.com/maps/search/?api=1&query=Dra.%20Maria%20Nina%20Munoz%20-%20Dentista%2024%20Horas&query_place_id=ChIJ6zN2i_vl3JQRtTautYMVaok","Dentista"
"Ímpar Odonto","4.3","16","R. Itacolomi, 292 - Sala 231","Curitiba","Paraná","BR",,"+55 41 3025-7497","Clínica odontológica",,,,,,,,,,"https://www.google.com/maps/search/?api=1&query=%C3%8Dmpar%20Odonto&query_place_id=ChIJ9Qsl-pXj3JQR4pRpSqzqXpQ","Clínica odontológica"
"Dentista Curitiba Sorriso Aberto","5","161","R. Cel. Herculano de Araújo, 544","Curitiba","Paraná","BR","https://drive.google.com/file/d/11_hyk1M56H50BcyH2X4goeTaJ3CHXzLv/view","+55 41 3248-9744","Clínica odontológica",,,,,,,,,,"https://www.google.com/maps/search/?api=1&query=Dentista%20Curitiba%20Sorriso%20Aberto&query_place_id=ChIJBchiekbj3JQRuHtUh15iRhw","Clínica odontológica"
"Prodont Clinica Odontológica | Implante Dentário & Ortodontia | CIC","4.7","159","R. Pedro Gusso, 4017 - Sobreloja","Curitiba","Paraná","BR","http://www.prodont.com.br/","+55 41 3246-1438","Dentista","Clínica odontológica","Periodontia e implantes dentários","Ortodontista","Odontopediatra",,,,,,"https://www.google.com/maps/search/?api=1&query=Prodont%20Clinica%20Odontol%C3%B3gica%20%7C%20Implante%20Dent%C3%A1rio%20%26%20Ortodontia%20%7C%20CIC&query_place_id=ChIJBwGfESr93JQR8VNaewNU_5U","Dentista"
"Clínica Castell","5","997","Av. Pres. Getúlio Vargas, 2561","Curitiba","Paraná","BR","http://clinicacastell.com.br/","+55 41 99966-0498","Dentista","Clínica odontológica","Periodontia e implantes dentários","Endodontista","Cirurgião dentista","Ortodontista",,,,,"https://www.google.com/maps/search/?api=1&query=Cl%C3%ADnica%20Castell&query_place_id=ChIJp6esVH_k3JQRe0M11gDO54M","Dentista"
"Clínica LiveDent","4.9","94","Rua Padre Anchieta, 2357 Sobreloja 03 INTERFONE 03","Curitiba","PR","BR","http://www.livedent.com.br/","+55 41 3024-8584","Dentista","Clínica odontológica","Periodontia e implantes dentários","Endodontista","Ortodontista",,,,,,"https://www.google.com/maps/search/?api=1&query=Cl%C3%ADnica%20LiveDent&query_place_id=ChIJiSjtp-nj3JQRgfzkHAre6Zw","Dentista"
"Solutia Odontologia | Dentista 24 Horas em Curitiba","4.9","1893","Av. Rep. Argentina, 2403 - Sala 11","Curitiba","Paraná","BR","https://linktr.ee/odontosolutia","+55 41 98836-9254","Clínica odontológica","Periodontia e implantes dentários","Endodontista","Ortodontista","Odontopediatra",,,,,,"https://www.google.com/maps/search/?api=1&query=Solutia%20Odontologia%20%7C%20Dentista%2024%20Horas%20em%20Curitiba&query_place_id=ChIJXe00g4Dj3JQRQVz2isRVE-U","Clínica odontológica"
"Dentville Clínica Odontológica","4.7","124","R. Prof. João Falarz, 1292","Curitiba","Paraná","BR","https://dentville.com.br/","+55 41 3285-8989","Dentista",,,,,,,,,,"https://www.google.com/maps/search/?api=1&query=Dentville%20Cl%C3%ADnica%20Odontol%C3%B3gica&query_place_id=ChIJqVjAQB_i3JQRDylZVf-RDYA","Dentista"
"Instituto Mass Odontologia","5","566","Av. Vicente Machado, 2079","Curitiba","Paraná","BR","http://www.massodontologia.com.br/","+55 41 3013-3025","Clínica odontológica",,,,,,,,,,"https://www.google.com/maps/search/?api=1&query=Instituto%20Mass%20Odontologia&query_place_id=ChIJy-Ma8ZLj3JQR4RNANiyzOm0","Clínica odontológica"
"Maxiclin ODONTOLOGIA I Implantes | Ortodontia | DTM | Facetas | Odontopediatria | Invisalign | Clínica Geral | Clareamento","4.9","321","R. Carlos Klemtz, 1553 - loja 8","Curitiba","Paraná","BR","https://www.maxiclin.com.br/","+55 41 98519-4512","Clínica odontológica",,,,,,,,,,"https://www.google.com/maps/search/?api=1&query=Maxiclin%20ODONTOLOGIA%20I%20Implantes%20%7C%20Ortodontia%20%7C%20DTM%20%7C%20Facetas%20%7C%20Odontopediatria%20%7C%20Invisalign%20%7C%20Cl%C3%ADnica%20Geral%20%7C%20Clareamento&query_place_id=ChIJMS2igOHi3JQRX6ZSOi8SD6Y","Clínica odontológica"
"Clínica Kwan - Odontologia e Estética Orofacial - Água Verde, Curitiba","4.9","272","Av. Água Verde, 1413 - sala 401","Curitiba","Paraná","BR","https://clinicakwan.com.br/","+55 41 3076-5160","Dentista","Clínica odontológica","Cirurgião dentista",,,,,,,,"https://www.google.com/maps/search/?api=1&query=Cl%C3%ADnica%20Kwan%20-%20Odontologia%20e%20Est%C3%A9tica%20Orofacial%20-%20%C3%81gua%20Verde%2C%20Curitiba&query_place_id=ChIJkQUYhd3j3JQRElBS9HKThx4","Dentista"
"Clínica Curitiba de Odontologia","4.7","14","R. Dr. Alexandre Gutierrez, 572","Curitiba","Paraná","BR","http://www.clinicacuritiba.com/","+55 41 3121-4141","Clínica odontológica",,,,,,,,,,"https://www.google.com/maps/search/?api=1&query=Cl%C3%ADnica%20Curitiba%20de%20Odontologia&query_place_id=ChIJq5AYaIfj3JQRAQj7qqiqdpE","Clínica odontológica"
"OralClin - Clínica Odontológica em Curitiba","4.4","208","Av. N. Sra. Aparecida, 599","Curitiba","Paraná","BR","https://oralclin.com.br/","+55 41 3345-3111","Dentista","Dentista cosmético","Clínica odontológica","Periodontia e implantes dentários","Endodontista","Cirurgião dentista","Ortodontista",,,,"https://www.google.com/maps/search/?api=1&query=OralClin%20-%20Cl%C3%ADnica%20Odontol%C3%B3gica%20em%20Curitiba&query_place_id=ChIJV_pQRWXj3JQR05g7PmoUFRY","Dentista"
"Sanidente Odontologia","4.8","243","R. Ildefonso Stockler de França, 06","Curitiba","Paraná","BR","http://www.sanidente.com.br/","+55 41 3077-8288","Clínica odontológica","Radiologia odontológica",,,,,,,,,"https://www.google.com/maps/search/?api=1&query=Sanidente%20Odontologia&query_place_id=ChIJW9dHZ1zj3JQRhhUJDsi8C4M","Clínica odontológica"
"Dentista em Curitiba - Clínica Odontológica Santini","4.9","89","R. João Bettega, 1061 - 1 andar","Curitiba","Paraná","BR",,"+55 41 99734-5959","Dentista","Clínica odontológica",,,,,,,,,"https://www.google.com/maps/search/?api=1&query=Dentista%20em%20Curitiba%20-%20Cl%C3%ADnica%20Odontol%C3%B3gica%20Santini&query_place_id=ChIJN-RBVWvj3JQR_hEIN5FuBMg","Dentista"
"NEO Odontologia","4.9","154","Av. Silva Jardim, 3455","Curitiba","Paraná","BR","http://www.neo.odo.br/","+55 41 3343-1444","Dentista","Clínica odontológica",,,,,,,,,"https://www.google.com/maps/search/?api=1&query=NEO%20Odontologia&query_place_id=ChIJg7opFoXj3JQRh4aGG3h1oSs","Dentista"
"Orthocenter - Clínica Odontológica","4.9","45","Av. Sete de Setembro, 4476 - Sala 502","Curitiba","Paraná","BR","http://www.clinicaorthocenter.com.br/","+55 41 3022-6633","Dentista","Periodontia e implantes dentários","Endodontista","Ortodontista",,,,,,,"https://www.google.com/maps/search/?api=1&query=Orthocenter%20-%20Cl%C3%ADnica%20Odontol%C3%B3gica&query_place_id=ChIJHRiQUGzk3JQRohgsLvgfiCM","Dentista"
"Julio Cavichiolo | Ortodontia | Estética | Implante Dentário | Dentista em Novo Mundo | Curitiba - PR","4.9","1161","Travessa Augusto Marach, 227","Curitiba","Paraná","BR",,"+55 41 99686-7321","Dentista","Periodontia e implantes dentários","Clínica odontológica","Cirurgião dentista","Ortodontista",,,,,,"https://www.google.com/maps/search/?api=1&query=Julio%20Cavichiolo%20%7C%20Ortodontia%20%7C%20Est%C3%A9tica%20%7C%20Implante%20Dent%C3%A1rio%20%7C%20Dentista%20em%20Novo%20Mundo%20%7C%20Curitiba%20-%20PR&query_place_id=ChIJRU3K-FDj3JQRGd9wgiWE3ns","Dentista"
"Odhos Odontologia Personalizada","5","152","Alameda Dom Pedro II, 790","Curitiba","Paraná","BR","http://www.odhos.com.br/","+55 41 3039-7400","Clínica odontológica",,,,,,,,,,"https://www.google.com/maps/search/?api=1&query=Odhos%20Odontologia%20Personalizada&query_place_id=ChIJpcVINovj3JQRfJHP0cv3-A0","Clínica odontológica"
"SorriaMed Clínica Odontológica","4.9","70","R. Conselheiro Laurindo, 101","Curitiba","Paraná","BR","https://www.sorriamed.com.br/","+55 41 99294-5551","Clínica odontológica","Periodontia e implantes dentários","Dentista",,,,,,,,"https://www.google.com/maps/search/?api=1&query=SorriaMed%20Cl%C3%ADnica%20Odontol%C3%B3gica&query_place_id=ChIJl2MlPKnl3JQRxpmDMhJjjVI","Clínica odontológica"
"Clinica Premium Juvevê","4.9","637","R. Bom Jesus, 82","Curitiba","Paraná","BR","https://www.clinicapremiumcuritiba.com.br/","+55 41 99943-9053","Clínica odontológica","Clínica de implante dentário",,,,,,,,,"https://www.google.com/maps/search/?api=1&query=Clinica%20Premium%20Juvev%C3%AA&query_place_id=ChIJq4hIiCbk3JQRT17lYKFG7yg","Clínica odontológica"
"Clínica Odontológica Prazer em Sorrir","4.9","113","condomínio joao - Av. Anita Garibaldi, 2709 - conj. 05 andar 1, tedeschi ED","Curitiba","PR","BR","https://draluanaprado.com.br/","+55 41 99134-1438","Dentista","Clínica odontológica","Clínica de implante dentário","Serviço dentário de emergência","Endodontista","Clínico geral","Cirurgião dentista","Ortodontista","Odontopediatra",,"https://www.google.com/maps/search/?api=1&query=Cl%C3%ADnica%20Odontol%C3%B3gica%20Prazer%20em%20Sorrir&query_place_id=ChIJO1OAEmTn3JQRDHoD8Q0u70I","Dentista"
"Novo Sorrir - Clínicas Odontológicas - Alm. Tamandaré","4.7","71","Av. Francisco Kruger, 6541","Alm. Tamandaré","Paraná","BR",,"+55 41 3393-6921","Clínica odontológica",,,,,,,,,,"https://www.google.com/maps/search/?api=1&query=Novo%20Sorrir%20-%20Cl%C3%ADnicas%20Odontol%C3%B3gicas%20-%20Alm.%20Tamandar%C3%A9&query_place_id=ChIJtfTi2i_n3JQRfmnA8faeQBk","Clínica odontológica"
"CLÍNICA ODONTOLÓGICA NO AHÚ/SÃO LOURENÇO | ORTODOCTOR","5","58","Av. Anita Garibaldi, 3616 - loja 2","Curitiba","Paraná","BR","https://www.ortodoctorcuritiba.com.br/","+55 41 98487-2544","Clínica odontológica",,,,,,,,,,"https://www.google.com/maps/search/?api=1&query=CL%C3%8DNICA%20ODONTOL%C3%93GICA%20NO%20AH%C3%9A%2FS%C3%83O%20LOUREN%C3%87O%20%7C%20ORTODOCTOR&query_place_id=ChIJS8Ia9jnn3JQR6ZusS-fRojA","Clínica odontológica"
"DentPrime","4.9","369","R. Paula Gomes, 27","Curitiba","Paraná","BR","http://www.dentprime.com.br/","+55 41 98795-0029","Dentista","Clínica odontológica","Clínica de implante dentário","Endodontista","Ortodontista",,,,,,"https://www.google.com/maps/search/?api=1&query=DentPrime&query_place_id=ChIJa7Yu4RPk3JQRf1xr5Bmo0Ac","Dentista"
"Odontonew Clinica Odontológica","4.4","5","Av. Ver. Toaldo Túlio, 612","Curitiba","Paraná","BR","http://www.odontonew.com.br/","+55 41 3372-1091","Clínica odontológica",,,,,,,,,,"https://www.google.com/maps/search/?api=1&query=Odontonew%20Clinica%20Odontol%C3%B3gica&query_place_id=ChIJ-5qcyLrh3JQRhY8BcpDpie4","Clínica odontológica"
"Centro Odontológico Pio XII - Dentista 24h","4.6","1777","Av. Silva Jardim, 1347","Curitiba","Paraná","BR","http://www.odontopioxii.com.br/","+55 41 3232-6195","Dentista","Clínica odontológica","Serviço dentário de emergência","Ortodontista",,,,,,,"https://www.google.com/maps/search/?api=1&query=Centro%20Odontol%C3%B3gico%20Pio%20XII%20-%20Dentista%2024h&query_place_id=ChIJzZlNT2Xk3JQROKZuNQY2Fac","Dentista"
"Clínica You Odonto","5","966","R. Brig. Franco, 3323","Curitiba","Paraná","BR","http://www.youodonto.com.br/","+55 41 98497-9594","Clínica odontológica","Cirurgião dentista",,,,,,,,,"https://www.google.com/maps/search/?api=1&query=Cl%C3%ADnica%20You%20Odonto&query_place_id=ChIJmymYG3Pk3JQRUoBS8_P4qx0","Clínica odontológica"
"Hauer Dental Studio","5","346","R. Waldemar Kost, 953 - A","Curitiba","Paraná","BR","http://www.hauerdentalstudio.com.br/","+55 41 99725-4883","Clínica odontológica","Endodontista","Cirurgião dentista","Ortodontista",,,,,,,"https://www.google.com/maps/search/?api=1&query=Hauer%20Dental%20Studio&query_place_id=ChIJUxMg_Ub73JQR27a2MB0fGOs","Clínica odontológica"
"Curitiba Dental Office ~ Odontologia","5","289","Av. São José, 618 - Cj 905","Curitiba","Paraná","BR","https://www.curitibadentaloffice.com/","+55 41 3362-1721","Clínica odontológica",,,,,,,,,,"https://www.google.com/maps/search/?api=1&query=Curitiba%20Dental%20Office%20~%20Odontologia&query_place_id=ChIJQcEQj9Ll3JQRZDwod_e3GRY","Clínica odontológica"
"Realclin Clinica Odontologica em Curitiba | Dentista Emergência","4.7","300","R. Brasílio Itiberê, 2681","Curitiba","Paraná","BR","https://realclin.com.br/","+55 41 3524-5944","Dentista",,,,,,,,,,"https://www.google.com/maps/search/?api=1&query=Realclin%20Clinica%20Odontologica%20em%20Curitiba%20%7C%20Dentista%20Emerg%C3%AAncia&query_place_id=ChIJc95tGOLl3JQRlD-vXU-TGZI","Dentista"
"Centro De Especialidades Odontológicas Positivo","4.2","12","R. Prof. Pedro Viriato Parigot de Souza, 5300","Curitiba","Paraná","BR","https://www.up.edu.br/servicos-a-comunidade/clinica-de-odontologia/","+55 41 3317-3000","Clínica odontológica",,,,,,,,,,"https://www.google.com/maps/search/?api=1&query=Centro%20De%20Especialidades%20Odontol%C3%B3gicas%20Positivo&query_place_id=ChIJ4w74K1Pj3JQRoZrW1h-RhEc","Clínica odontológica"
"Sier – Clínica Odontológica","4.7","13","Av. São José, loja 04","Curitiba","Paraná","BR","https://www.instagram.com/sier.odontologia","+55 41 3205-1061","Clínica odontológica",,,,,,,,,,"https://www.google.com/maps/search/?api=1&query=Sier%20%E2%80%93%20Cl%C3%ADnica%20Odontol%C3%B3gica&query_place_id=ChIJH41ks6Xl3JQRXKp17YJXtDc","Clínica odontológica"
"Pacheco Odontologia","4.4","198","Av. Winston Churchill, 1557 - sobreloja","Curitiba","Paraná","BR","https://pachecoodontologia.com.br/","+55 41 3247-1363","Clínica odontológica",,,,,,,,,,"https://www.google.com/maps/search/?api=1&query=Pacheco%20Odontologia&query_place_id=ChIJH6QHH7v83JQRDjlSe5gLBJU","Clínica odontológica"
"Odontologia Integrada","4.2","72","Av. Silva Jardim, 737 - Sala 01","Curitiba","Paraná","BR","http://odontologiacuritiba.net.br/","+55 41 3323-7325","Clínica odontológica",,,,,,,,,,"https://www.google.com/maps/search/?api=1&query=Odontologia%20Integrada&query_place_id=ChIJ8UTQFmbk3JQRarXj3uHR6vs","Clínica odontológica"
"Clinica Odontológica Primeiro Sorriso","5","63","R. Alberto Ferreira, 117","Curitiba","Paraná","BR",,"+55 41 99226-8181","Clínica odontológica",,,,,,,,,,"https://www.google.com/maps/search/?api=1&query=Clinica%20Odontol%C3%B3gica%20Primeiro%20Sorriso&query_place_id=ChIJ6ZRbR9_j3JQRD4JDX_pwkhU","Clínica odontológica"
"OdontoArte","4.8","76","entrada ao lado Campo de - R. Marcos Bertoldi, 982 - Sobreloja - Sala 13","Curitiba","Paraná","BR",,"+55 41 3225-3181","Dentista","Periodontia e implantes dentários","Clínica odontológica","Endodontista","Cirurgião dentista","Ortodontista",,,,,"https://www.google.com/maps/search/?api=1&query=OdontoArte&query_place_id=ChIJWdbw7cT_3JQRFRvqqWGNwkg","Dentista"
"Odonto popular","5","87","Rua:Jornalista Emilio Zóla Florenzano n°790","Curitiba","PR","BR","http://odonto-popular9.webnode.com/contato/","+55 41 99838-9748","Clínica odontológica",,,,,,,,,,"https://www.google.com/maps/search/?api=1&query=Odonto%20popular&query_place_id=ChIJB6cHyh793JQRJLzdB-x06fE","Clínica odontológica"
"Estetic Harmonizaçao","5","3","R. Elías Joaquim","Curitiba","Paraná","BR",,"+55 45 3529-0009","Clínica odontológica",,,,,,,,,,"https://www.google.com/maps/search/?api=1&query=Estetic%20Harmoniza%C3%A7ao&query_place_id=ChIJ_Qb-FBbn3JQRmFcK0AjNNmw","Clínica odontológica"
"Consultório Odontológico Odonto Criar","5","3","Av. João Gualberto, 623","Curitiba","Paraná","BR",,"+55 41 3253-4254","Dentista","Clínica odontológica","Periodontia e implantes dentários","Cirurgião dentista",,,,,,,"https://www.google.com/maps/search/?api=1&query=Consult%C3%B3rio%20Odontol%C3%B3gico%20Odonto%20Criar&query_place_id=ChIJx8Q2pRfk3JQRPCc7FxDlGEk","Dentista"
"Clínica Odontológica Leve Sorriso | Reabilitação Oral","4.9","40","R. Nilo Peçanha, 1948","Curitiba","Paraná","BR","https://levesorriso.com.br/","+55 41 98816-8918","Clínica odontológica","Periodontia e implantes dentários","Clínica de implante dentário","Dentista","Centro de cuidados com dentaduras","Endodontista","Cirurgião dentista","Ortodontista","Periodontista",,"https://www.google.com/maps/search/?api=1&query=Cl%C3%ADnica%20Odontol%C3%B3gica%20Leve%20Sorriso%20%7C%20Reabilita%C3%A7%C3%A3o%20Oral&query_place_id=ChIJFf5uwK_m3JQRspYg7owzqgg","Clínica odontológica"
"Clínica Dr Igor Felipe - Odontologia","5","33","Av. João Gualberto, 1881 - 19º andar - sala 1907","Curitiba","Paraná","BR",,"+55 41 98900-3050","Dentista","Clínica odontológica",,,,,,,,,"https://www.google.com/maps/search/?api=1&query=Cl%C3%ADnica%20Dr%20Igor%20Felipe%20-%20Odontologia&query_place_id=ChIJaeNaAnzl3JQRi6cJDDbAHBs","Dentista"
"Clínica Odontológica Dente Feliz","5","6","R. Saldanha Marinho, 35","Curitiba","Paraná","BR",,"+55 41 99770-4436","Dentista",,,,,,,,,,"https://www.google.com/maps/search/?api=1&query=Cl%C3%ADnica%20Odontol%C3%B3gica%20Dente%20Feliz&query_place_id=ChIJA4GE8RLk3JQR3W_ItpxRlRo","Dentista"
"Odonto Brasil Prime","4.5","97","R. Ubaldino do Amaral, 26","Curitiba","Paraná","BR","https://redeodontobrasil.com.br/","+55 41 3071-7002","Clínica odontológica",,,,,,,,,,"https://www.google.com/maps/search/?api=1&query=Odonto%20Brasil%20Prime&query_place_id=ChIJX8Yhyz3k3JQRJBRWzvHcUaw","Clínica odontológica"
"Clínica Odontológica Centro do Sorriso | Dentista em Curitiba","4.8","50","R. Marte, 836","Curitiba","Paraná","BR","http://clinicacentrodosorriso.com.br/","+55 41 3049-1223","Dentista","Clínica odontológica","Periodontia e implantes dentários","Cirurgião dentista","Ortodontista",,,,,,"https://www.google.com/maps/search/?api=1&query=Cl%C3%ADnica%20Odontol%C3%B3gica%20Centro%20do%20Sorriso%20%7C%20Dentista%20em%20Curitiba&query_place_id=ChIJJdYMO-P73JQRBqUOXze6czM","Dentista"
"Top Clinic Odontologia","3.8","17","R. Raul Pompéia, 579 - sala 2","Curitiba","Paraná","BR",,"+55 41 3078-5372","Clínica odontológica",,,,,,,,,,"https://www.google.com/maps/search/?api=1&query=Top%20Clinic%20Odontologia&query_place_id=ChIJVVX5zfDi3JQRPnC5t2ePZAw","Clínica odontológica"
"Dr Nicolae Carvalho de Paula - Dentista 24 horas","4.4","110","Rua Arthur Martins Franco, 2694","Curitiba","Paraná","BR",,"+55 41 99947-4774","Clínica de implante dentário","Serviço dentário de emergência","Endodontista","Clínico geral","Ortodontista",,,,,,"https://www.google.com/maps/search/?api=1&query=Dr%20Nicolae%20Carvalho%20de%20Paula%20-%20Dentista%2024%20horas&query_place_id=ChIJKeBpB_3i3JQR4sN7SwV9tgk","Clínica de implante dentário"
"CENPREORTO - Clínica de Odontologia e Ortodontia","5","83","Rua Emiliano Perneta, 860 - cj 1805","Curitiba","Paraná","BR","http://www.cenpreorto.com.br/","+55 41 99694-1111","Dentista","Clínica odontológica","Ortodontista","Clínica de odontopediatria","Serviço de clareamento dental",,,,,,"https://www.google.com/maps/search/?api=1&query=CENPREORTO%20-%20Cl%C3%ADnica%20de%20Odontologia%20e%20Ortodontia&query_place_id=ChIJ91mAqnbk3JQRk9aAxuv5uE0","Dentista"
"Art Sorriso Clínica Odontológica","4.8","37","R. Izaac Ferreira da Cruz, 2835","Curitiba","Paraná","BR",,"+55 41 3039-7700","Clínica odontológica",,,,,,,,,,"https://www.google.com/maps/search/?api=1&query=Art%20Sorriso%20Cl%C3%ADnica%20Odontol%C3%B3gica&query_place_id=ChIJy4tuPJr73JQR1qF9F0n3kh4","Clínica odontológica"
"Clinica Odontológica Dr. Fernando Fernandez. - Dentista 24 horas","5","8","R. Izaac Ferreira da Cruz, 3899 - sala 7","Curitiba","Paraná","BR",,"+55 41 3258-2111","Clínica odontológica",,,,,,,,,,"https://www.google.com/maps/search/?api=1&query=Clinica%20Odontol%C3%B3gica%20Dr.%20Fernando%20Fernandez.%20-%20Dentista%2024%20horas&query_place_id=ChIJC9ms8Zj73JQRNwv4Jpki0Ak","Clínica odontológica"
"ODONTO SELECT","5","302","R. da Lua, 42","Curitiba","Paraná","BR","https://www.odontoselect.com.br/","+55 41 99644-1215","Dentista","Clínica odontológica",,,,,,,,,"https://www.google.com/maps/search/?api=1&query=ODONTO%20SELECT&query_place_id=ChIJWe26oej73JQRtlz3e8U8RFg","Dentista"
"Studio do Dente | Clínica Odontológica em Curitiba","4.9","133","R. Castro, 665","Curitiba","Paraná","BR","https://wa.me/5541996010671?text=Ol%C3%A1!%20Encontrei%20seu%20contato%20no%20Google%20e%20gostaria%20de%20mais%20informa%C3%A7%C3%B5es%3A","+55 41 3566-6068","Dentista","Clínica odontológica","Endodontista","Cirurgião dentista","Ortodontista",,,,,,"https://www.google.com/maps/search/?api=1&query=Studio%20do%20Dente%20%7C%20Cl%C3%ADnica%20Odontol%C3%B3gica%20em%20Curitiba&query_place_id=ChIJ6a-mhIPk3JQR6gH5ilU0kAs","Dentista"
"ODONTOIMPLANTES Clínica Odontológica Atendimento 24 horas Emergências",,,"Rua desembargador westphalen 471, interfone, 5 - Sala 5 - 2° andar","Curitiba","PR","BR","https://www.facebook.com/marcelo.luisbarata.9?mibextid=ZbWKwL","+55 41 99721-6557","Dentista",,,,,,,,,,"https://www.google.com/maps/search/?api=1&query=ODONTOIMPLANTES%20Cl%C3%ADnica%20Odontol%C3%B3gica%20Atendimento%2024%20horas%20Emerg%C3%AAncias&query_place_id=ChIJ73IPlCjl3JQR_G4Al6CiYZU","Dentista"
"Dr. Pedro Linares e Dra. Ana Sarti (Clínica Odontológica ISBI).","5","42","R. Prof. Ulisses Vieira, 1315","Curitiba","Paraná","BR",,"+55 41 92004-8723","Clínica odontológica",,,,,,,,,,"https://www.google.com/maps/search/?api=1&query=Dr.%20Pedro%20Linares%20e%20Dra.%20Ana%20Sarti%20(Cl%C3%ADnica%20Odontol%C3%B3gica%20ISBI).&query_place_id=ChIJFZymB3Xj3JQRKlGDHVxKv0o","Clínica odontológica"
"Alident Odontologia - Clínica Odontológica - Dentista no Centro","4.8","277","R. Comendador Araújo, 510","Curitiba","Paraná","BR","http://www.alident.com.br/","+55 41 3324-7272","Dentista","Clínica odontológica","Periodontia e implantes dentários","Cirurgião dentista","Ortodontista","Odontopediatra","Clínica de odontopediatria","Clínica para viajantes internacionais",,,"https://www.google.com/maps/search/?api=1&query=Alident%20Odontologia%20-%20Cl%C3%ADnica%20Odontol%C3%B3gica%20-%20Dentista%20no%20Centro&query_place_id=ChIJoZkOaXTk3JQR_QtK3rSxVyE","Dentista"
"Odonto XIS!","5","69","Rua Alcino Guanabara, 585","Curitiba","Paraná","BR","https://www.odontoxis.com.br/","+55 41 99503-1393","Dentista","Dentista cosmético","Clínica odontológica","Médico","Cirurgião dentista",,,,,,"https://www.google.com/maps/search/?api=1&query=Odonto%20XIS!&query_place_id=ChIJWVvsKdXk3JQRgfQF_q54TGQ","Dentista"
"Actual Consultório Odontológico","4.8","176","R. Frederico Maurer, 800 - sala 15","Curitiba","Paraná","BR",,"+55 41 3069-1729","Clínica odontológica",,,,,,,,,,"https://www.google.com/maps/search/?api=1&query=Actual%20Consult%C3%B3rio%20Odontol%C3%B3gico&query_place_id=ChIJq6pBj9Hk3JQRD40GF2-jLAg","Clínica odontológica"
"Clínica Odontológica Ameclin | Dentista no Sitio Cercado","4.9","94","R. São José dos Pinhais, 200 - Sobreloja - Sala 1","Curitiba","Paraná","BR",,"+55 41 3089-0902","Dentista","Clínica odontológica",,,,,,,,,"https://www.google.com/maps/search/?api=1&query=Cl%C3%ADnica%20Odontol%C3%B3gica%20Ameclin%20%7C%20Dentista%20no%20Sitio%20Cercado&query_place_id=ChIJR8bF9iP73JQRt7Iqc6Kw_sk","Dentista"
"Dra. Nathalia Souza Arantes - Odontologia","5","35","R. Recife, 143 - Sala 02","Curitiba","Paraná","BR","https://www.nathaliasouzarantes.com.br/","+55 41 99861-5057","Clínica odontológica",,,,,,,,,,"https://www.google.com/maps/search/?api=1&query=Dra.%20Nathalia%20Souza%20Arantes%20-%20Odontologia&query_place_id=ChIJ_63IEa7l3JQRzwjFLqtj22w","Clínica odontológica"
"Clínica iDent","4.2","129","Av. Cândido de Abreu, 526 - loja 01","Curitiba","Paraná","BR","http://www.clinicaident.com.br/","+55 41 3888-9666","Clínica odontológica","Periodontia e implantes dentários","Ortodontista",,,,,,,,"https://www.google.com/maps/search/?api=1&query=Cl%C3%ADnica%20iDent&query_place_id=ChIJM9SbQhHk3JQR01Md1t_tBO0","Clínica odontológica"
"Clinica Odontológica F. Vanelli","5","25","R. José Augusto dos Santos, 250","Curitiba","Paraná","BR","https://instagram.com/clinicafvanelli_odontologia","+55 41 99946-3262","Clínica odontológica",,,,,,,,,,"https://www.google.com/maps/search/?api=1&query=Clinica%20Odontol%C3%B3gica%20F.%20Vanelli&query_place_id=ChIJ6fxi5ffh3JQR_9SHDRVN9LM","Clínica odontológica"
"Oral Sul Saúde Bucal","4.9","61","R. Barão de Guaraúna, 792 A","Curitiba","Paraná","BR",,"+55 41 3015-6603","Clínica odontológica",,,,,,,,,,"https://www.google.com/maps/search/?api=1&query=Oral%20Sul%20Sa%C3%BAde%20Bucal&query_place_id=ChIJ8Z2EWiTk3JQRU45KrhYNndk","Clínica odontológica"
"Fernandes Odontologia - Dra. Maiza Fernandes","4.9","59","R. Flávio Dallegrave, 2270","Curitiba","Paraná","BR","https://www.instagram.com/dra.maizafernandes/","+55 41 99607-8875","Dentista","Clínica odontológica",,,,,,,,,"https://www.google.com/maps/search/?api=1&query=Fernandes%20Odontologia%20-%20Dra.%20Maiza%20Fernandes&query_place_id=ChIJz4bGwSTl3JQR_5WQ55BAaUs","Dentista"
"Lumine Odonto / Reabilitação Estética & Clínica Geral","5","19","Av. Cândido de Abreu, 469 - cj 601","Curitiba","Paraná","BR",,"+55 41 99176-3558","Dentista","Clínica odontológica","Cirurgião dentista",,,,,,,,"https://www.google.com/maps/search/?api=1&query=Lumine%20Odonto%20%2F%20Reabilita%C3%A7%C3%A3o%20Est%C3%A9tica%20%26%20Cl%C3%ADnica%20Geral&query_place_id=ChIJe723_e7j3JQRwmEutWrTK8w","Dentista"
"Odontolus","4.9","192","Av. Silva Jardim, 2042 - sala 1304","Curitiba","Paraná","BR","https://odontolus.com.br/","+55 41 3342-9891","Clínica odontológica",,,,,,,,,,"https://www.google.com/maps/search/?api=1&query=Odontolus&query_place_id=ChIJlV1S6Xnk3JQR-gcutGVNCo8","Clínica odontológica"
"Clínica Ateliê Dental | Ateliê Facial","4.9","87","R. Gen. Mário Tourinho, 1805 - Sala 804 / 805","Curitiba","Paraná","BR","https://www.clinicaateliedental.com/","+55 41 3072-6994","Clínica odontológica",,,,,,,,,,"https://www.google.com/maps/search/?api=1&query=Cl%C3%ADnica%20Ateli%C3%AA%20Dental%20%7C%20Ateli%C3%AA%20Facial&query_place_id=ChIJFRdXG-jj3JQRVv-OhDsgUD8","Clínica odontológica"
"Odontologia Novo Mundo - Implantes e Clínica Geral","4.8","70","Rua Eloy de Assis Fabris, 330","Curitiba","Paraná","BR",,"+55 41 99924-9492","Dentista","Clínica de Reabilitação",,,,,,,,,"https://www.google.com/maps/search/?api=1&query=Odontologia%20Novo%20Mundo%20-%20Implantes%20e%20Cl%C3%ADnica%20Geral&query_place_id=ChIJ2Vm7eiDl3JQRu23KoEPhkuk","Dentista"
"Maria Cristina Clínica Odontológica","5","121","Rua Emiliano Perneta, 860 - Sala 1205","Curitiba","Paraná","BR","http://www.mariacristinaodontologia.com.br/","+55 41 3029-9920","Cirurgião dentista","Laboratório de odontologia",,,,,,,,,"https://www.google.com/maps/search/?api=1&query=Maria%20Cristina%20Cl%C3%ADnica%20Odontol%C3%B3gica&query_place_id=ChIJpSLQVHHk3JQRFLG2TEF6RIQ","Cirurgião dentista"
"Odonto Center Premium","4.9","127","Av. do Batel, 1102","Curitiba","Paraná","BR","https://odontocenterpremium.com.br/","+55 41 99518-1395","Clínica odontológica",,,,,,,,,,"https://www.google.com/maps/search/?api=1&query=Odonto%20Center%20Premium&query_place_id=ChIJF9CU9-nl3JQRQLFzuPUR4t0","Clínica odontológica"
"CIOP -Clínica de Imagem Odontológica Portão","5","721","Av. Rep. Argentina, 3021 - sala 1 - Piso L","Curitiba","Paraná","BR","https://imagemodontologicaportao.lanp.com.br/","+55 41 3029-3358","Radiologia odontológica",,,,,,,,,,"https://www.google.com/maps/search/?api=1&query=CIOP%20-Cl%C3%ADnica%20de%20Imagem%20Odontol%C3%B3gica%20Port%C3%A3o&query_place_id=ChIJKTsbFBXj3JQRGkdlYcLDz7g","Radiologia odontológica"
"Dentistas Comercial Odontológica","3.9","9","R. Des. Westphalen, 253","Curitiba","Paraná","BR","https://dentistas.curitiba.br/","+55 41 3026-3810","Cirurgião dentista",,,,,,,,,,"https://www.google.com/maps/search/?api=1&query=Dentistas%20Comercial%20Odontol%C3%B3gica&query_place_id=ChIJ6SB2gmvk3JQRLMK4D5-9znk","Cirurgião dentista"
"Clínica Odontológica Odontocin","4.9","83","R. José Gomes de Abreu, 889","Curitiba","Paraná","BR",,"+55 41 98411-3627","Clínica odontológica",,,,,,,,,,"https://www.google.com/maps/search/?api=1&query=Cl%C3%ADnica%20Odontol%C3%B3gica%20Odontocin&query_place_id=ChIJjRWr5lb93JQR6wkMtB8mDcg","Clínica odontológica"
"Clínica Odontológica Oral Gold","4.7","84","Rua: Ourizona, 2645","Curitiba","Paraná","BR","http://oralgold.com.br/","+55 41 3079-8499","Dentista","Clínica odontológica","Cirurgião dentista",,,,,,,,"https://www.google.com/maps/search/?api=1&query=Cl%C3%ADnica%20Odontol%C3%B3gica%20Oral%20Gold&query_place_id=ChIJM0xdFV_73JQR3Z7rJRmNL04","Dentista"
"Castellano Clínica Odontológica","4","1","R. Cristóvão Colombo, 491","Curitiba","Paraná","BR",,"+55 41 3014-0197","Clínica odontológica",,,,,,,,,,"https://www.google.com/maps/search/?api=1&query=Castellano%20Cl%C3%ADnica%20Odontol%C3%B3gica&query_place_id=ChIJPRV-dXP83JQRHRowgoL7n-8","Clínica odontológica"
"ORTO CLINIC - IMPLANTES NO CIC","4.4","31","Rua Cidade Coronel de Freitas, 336","Curitiba","Paraná","BR","http://www.ortoclinicpr.com.br/","+55 41 98407-0536","Dentista","Esteticista","Dentista cosmético","Periodontia e implantes dentários","Cirurgião dentista","Ortodontista","Clínica ortopédica",,,,"https://www.google.com/maps/search/?api=1&query=ORTO%20CLINIC%20-%20IMPLANTES%20NO%20CIC&query_place_id=ChIJMZNpWxLi3JQR79Aq2wCyg34","Dentista"
"Consultório Odontológico Chemin","3.1","64","R. Izaac Ferreira da Cruz, 4490","Curitiba","Paraná","BR",,"+55 41 3378-7938","Clínica odontológica","Periodontia e implantes dentários","Endodontista","Policlínica","Odontopediatra",,,,,,"https://www.google.com/maps/search/?api=1&query=Consult%C3%B3rio%20Odontol%C3%B3gico%20Chemin&query_place_id=ChIJw04ooaP73JQRd4vEa9g9YnA","Clínica odontológica"
"Dental Family Clínica Odontológica","3.9","91","R. Pedro Gusso, 3472","Curitiba","Paraná","BR","https://linkr.bio/dentalfamily","+55 41 3248-7148","Dentista","Clínica odontológica",,,,,,,,,"https://www.google.com/maps/search/?api=1&query=Dental%20Family%20Cl%C3%ADnica%20Odontol%C3%B3gica&query_place_id=ChIJ_eMHpdX83JQRKZ1rVpmyGFg","Dentista"
"Clínica de Odontologia PUCPR","4.6","46","80215, R. Imac. Conceição, 1155 - 901","Curitiba","PR","BR","https://www.pucpr.br/escola-de-medicina-e-ciencias-da-vida/servicos/clinica-de-odontologia/","+55 41 98467-7169","Faculdade de Odontologia",,,,,,,,,,"https://www.google.com/maps/search/?api=1&query=Cl%C3%ADnica%20de%20Odontologia%20PUCPR&query_place_id=ChIJ0SS0Hfvk3JQRkilzkhjcvtE","Faculdade de Odontologia"
"Passaia Instituto Odontológico","4.2","270","R. Izaac Ferreira da Cruz, 4210","Curitiba","Paraná","BR",,"+55 41 3501-6664","Clínica odontológica",,,,,,,,,,"https://www.google.com/maps/search/?api=1&query=Passaia%20Instituto%20Odontol%C3%B3gico&query_place_id=ChIJWVNyKhr73JQRU0pye7L8vWw","Clínica odontológica"
"B e C Dental Clínica Odontológica","5","105","R. Primeiro de Maio, 1191","Curitiba","Paraná","BR","https://www.facebook.com/drbalids","+55 41 99758-5181","Cirurgião dentista",,,,,,,,,,"https://www.google.com/maps/search/?api=1&query=B%20e%20C%20Dental%20Cl%C3%ADnica%20Odontol%C3%B3gica&query_place_id=ChIJbUaCs-rh3JQRWvgUdtFJauk","Cirurgião dentista"
"Clínica Odontológica Água Verde","5","6","R. Silveira Neto, 40","Curitiba","Paraná","BR","https://www.instagram.com/drwillianscomparin/","+55 41 99770-4436","Clínica odontológica",,,,,,,,,,"https://www.google.com/maps/search/?api=1&query=Cl%C3%ADnica%20Odontol%C3%B3gica%20%C3%81gua%20Verde&query_place_id=ChIJE6Qa3-jl3JQRUrDQFBTm2O8","Clínica odontológica"
"Clínica Odontológica Ana Stoco","5","4","R. Fernandes de Barros, 742","Curitiba","Paraná","BR",,"+55 41 3015-2229","Clínica odontológica",,,,,,,,,,"https://www.google.com/maps/search/?api=1&query=Cl%C3%ADnica%20Odontol%C3%B3gica%20Ana%20Stoco&query_place_id=ChIJQUYWQ8Pl3JQRM0HYzszIWCQ","Clínica odontológica"
"Essencial Dental Concept","4.8","39","Av. Anita Garibaldi, 850 - sala 311B","Curitiba","Paraná","BR",,"+55 41 99504-5015","Clínica odontológica",,,,,,,,,,"https://www.google.com/maps/search/?api=1&query=Essencial%20Dental%20Concept&query_place_id=ChIJhd2VOKjl3JQRZG1B4jTnQCg","Clínica odontológica"
"Clínica Odontológica Itupava","5","1","R. Itupava, 1590","Curitiba","Paraná","BR",,"+55 41 3362-2404","Clínica odontológica","Dentista",,,,,,,,,"https://www.google.com/maps/search/?api=1&query=Cl%C3%ADnica%20Odontol%C3%B3gica%20Itupava&query_place_id=ChIJ880awUrk3JQRvZO4gs4MfV0","Clínica odontológica"
"Clínica Voss","4.9","28","R. Machado de Assis, 330","Curitiba","Paraná","BR","https://clinicavoss.com.br/","+55 41 99249-1402","Clínica odontológica",,,,,,,,,,"https://www.google.com/maps/search/?api=1&query=Cl%C3%ADnica%20Voss&query_place_id=ChIJP0hU1yDj3JQR_4cKNI4dolg","Clínica odontológica"
"Pró Dental Clínica Odontológica - Implantes Dentários e Periodontia Curitiba/PR","4.8","20","R. Heitor Stockler de França, 396 - Conjunto 1501","Curitiba","Paraná","BR","http://prodentalclinicaodonto.com.br/","+55 41 3352-8300","Periodontia e implantes dentários","Clínica odontológica","Clínica de implante dentário","Dentista","Endodontista","Cirurgião dentista","Ortodontista","Periodontista",,,"https://www.google.com/maps/search/?api=1&query=Pr%C3%B3%20Dental%20Cl%C3%ADnica%20Odontol%C3%B3gica%20-%20Implantes%20Dent%C3%A1rios%20e%20Periodontia%20Curitiba%2FPR&query_place_id=ChIJC6kl_Rnk3JQRVWuOsMsqKsw","Periodontia e implantes dentários"
"Dra. Liriènne Brenny - Clínica Odontológica em curitiba","5","6","R. Mateus Leme, 5741","Curitiba","Paraná","BR","https://www.instagram.com/dra.liriennebrenny/","+55 41 99936-8256","Cirurgião dentista","Clínica odontológica","Dentista",,,,,,,,"https://www.google.com/maps/search/?api=1&query=Dra.%20Liri%C3%A8nne%20Brenny%20-%20Cl%C3%ADnica%20Odontol%C3%B3gica%20em%20curitiba&query_place_id=ChIJ78i_7hLn3JQRqwzO4EMrN6s","Cirurgião dentista"
"Favident clínica odontológica","4.4","36","R. Alcides Munhoz, 520 B","Curitiba","Paraná","BR",,"+55 41 98761-3888","Dentista",,,,,,,,,,"https://www.google.com/maps/search/?api=1&query=Favident%20cl%C3%ADnica%20odontol%C3%B3gica&query_place_id=ChIJxdtkVPzj3JQRpdR4uVmtDVU","Dentista"
"Clinica Odontologica - Dr. Darlan Rigo Jr","5","5","R. Saturnino Miranda, 430","Curitiba","Paraná","BR",,"+55 41 99953-1112","Clínica odontológica",,,,,,,,,,"https://www.google.com/maps/search/?api=1&query=Clinica%20Odontologica%20-%20Dr.%20Darlan%20Rigo%20Jr&query_place_id=ChIJ86YGxS_h3JQRoNyzXI2n76E","Clínica odontológica"
"Clínica Odontológica",,,"R. Barão de Guaraúna, 465","Curitiba","Paraná","BR",,"+55 41 99222-2234","Clínica odontológica",,,,,,,,,,"https://www.google.com/maps/search/?api=1&query=Cl%C3%ADnica%20Odontol%C3%B3gica&query_place_id=ChIJ__lZHCzl3JQRSkGA92QdYy8","Clínica odontológica"
