"title","totalScore","reviewsCount","street","city","state","countryCode","website","phone","categories/0","categories/1","categories/2","categories/3","categories/4","categories/5","categories/6","categories/7","categories/8","categories/9","url","categoryName"
"Clinica Anchieta Odontologia","5","243","Rua Dom Aloisio Lorscheider, 216","Campinas","São Paulo","BR","https://sites.google.com/view/anchietaodontologia","+55 19 2139-7952","Clínica odontológica","Dentista","Cirurgião dentista",,,,,,,,"https://www.google.com/maps/search/?api=1&query=Clinica%20Anchieta%20Odontologia&query_place_id=ChIJ5fvPTLy4yJQRWd3gktXACdI","Clínica odontológica"
"CliniOdonto Implantodontia e Odontologia Integrada","5","2","Rua Dom Aloisio Lorscheider, 256","Campinas","São Paulo","BR",,"+55 19 3397-0664","Dentista",,,,,,,,,,"https://www.google.com/maps/search/?api=1&query=CliniOdonto%20Implantodontia%20e%20Odontologia%20Integrada&query_place_id=ChIJueEYG--5yJQRVAPg8QVoZ6I","Dentista"
"M&M Odontologia","5","52","Supermercado Paguemenos - R. Achiles Bertoldi, 285 - Subsolo","Campinas","São Paulo","BR","http://linkfly.to/40819VQ5mh2","+55 19 99882-6497","Dentista",,,,,,,,,,"https://www.google.com/maps/search/?api=1&query=M%26M%20Odontologia&query_place_id=ChIJ1aFoN_W3yJQRSOGCVLtaqu0","Dentista"
"Odontologia Ana Paula da La Corte","5","6","R. dos Jequitibás, 522","Campinas","São Paulo","BR",,"+55 19 3245-2524","Clínica odontológica",,,,,,,,,,"https://www.google.com/maps/search/?api=1&query=Odontologia%20Ana%20Paula%20da%20La%20Corte&query_place_id=ChIJ_4PvQpHHyJQRpIFWTteXQLk","Clínica odontológica"
"Instituto Campoy Cavasso - Odontologia","4.8","31","I - R. Dra. Líbia Hermisa Grandineti Tórtima, 322","Campinas","São Paulo","BR",,"+55 19 99959-2919","Cirurgião dentista",,,,,,,,,,"https://www.google.com/maps/search/?api=1&query=Instituto%20Campoy%20Cavasso%20-%20Odontologia&query_place_id=ChIJs4ujFAC3yJQRP-_3z5l3tPY","Cirurgião dentista"
"Dourado e Rosa Odontologia | Dentista em Campinas","5","44","R. Sebastião Pereira, 964","Campinas","São Paulo","BR","https://www.canva.com/design/DAGsiPSuEck/Tm9JqrO1qxybwpkqH4cx8g/view?utm_content=DAGsiPSuEck&utm_campaign=designshare&utm_medium=link2&utm_source=uniquelinks&utlId=ha6431d947d","+55 19 98111-7377","Dentista","Clínica odontológica","Clínica de implante dentário","Cirurgião dentista","Ortodontista","Serviço de clareamento dental",,,,,"https://www.google.com/maps/search/?api=1&query=Dourado%20e%20Rosa%20Odontologia%20%7C%20Dentista%20em%20Campinas&query_place_id=ChIJnSzURcm5yJQRc7XKQOsT0Ag","Dentista"
"GR ODONTO PRIME","5","21","R. Edson Luiz Rigonatto, 1022","Campinas","São Paulo","BR","https://www.grodontoprime.com/","+55 19 98356-5047","Clínica odontológica",,,,,,,,,,"https://www.google.com/maps/search/?api=1&query=GR%20ODONTO%20PRIME&query_place_id=ChIJEdvp4kO3yJQRuhX5lugNkI4","Clínica odontológica"
"kv Odontologia Especializada",,,"R. Rev. José Coelho Ferraz, 13B","Campinas","São Paulo","BR",,"",,,,,,,,,,,"https://www.google.com/maps/search/?api=1&query=kv%20Odontologia%20Especializada&query_place_id=ChIJVdPrtybIyJQRlIUyM2ZtypE",
"DUE- Campo Grande Odontologia Dr Claudio Pina","4.1","33","Rua Dr - R. Edgar Pereira de Souza, 43","Campinas","São Paulo","BR",,"+55 19 99389-8986","Dentista",,,,,,,,,,"https://www.google.com/maps/search/?api=1&query=DUE-%20Campo%20Grande%20Odontologia%20Dr%20Claudio%20Pina&query_place_id=ChIJpb7dSW63yJQRL2HflZ3etK4","Dentista"
"Consultório Odontológico Dra.Karen Saad Florenzano","4.1","9","Av. Papa João Paulo II, 639","Campinas","São Paulo","BR",,"+55 19 3282-4344","Dentista",,,,,,,,,,"https://www.google.com/maps/search/?api=1&query=Consult%C3%B3rio%20Odontol%C3%B3gico%20Dra.Karen%20Saad%20Florenzano&query_place_id=ChIJkWuTz7-4yJQRlvyFehFslMA","Dentista"
"Odontoclinic - Campinas Campo Grande","4.2","151","R. Edson Luiz Rigonatto, 1401","Campinas","São Paulo","BR","https://odontoclinic.com.br/unidade/campinas-campo-grande","+55 19 99152-4046","Dentista",,,,,,,,,,"https://www.google.com/maps/search/?api=1&query=Odontoclinic%20-%20Campinas%20Campo%20Grande&query_place_id=ChIJCw-_NxO3yJQRNrzMJDVT2Rk","Dentista"
"Dentista Dra.Carol Campo Grande | PLANTÃO 24 HORAS HORÁRIO MARCADO.","5","82","Av. Armando Mario Tozi, 81","Campinas","São Paulo","BR",,"","Clínica odontológica","Periodontia e implantes dentários","Clínica de implante dentário","Cirurgião dentista","Ortodontista","Clínica de odontopediatria",,,,,"https://www.google.com/maps/search/?api=1&query=Dentista%20Dra.Carol%20Campo%20Grande%20%7C%20PLANT%C3%83O%2024%20HORAS%20HOR%C3%81RIO%20MARCADO.&query_place_id=ChIJefMY-s63yJQRYWsWRJtEF3w","Clínica odontológica"
"Elegance Sorriso | Dentista e Implantes em Campinas","5","774","Av. John Boyd Dunlop, 8448","Campinas","São Paulo","BR","https://wa.me/5519996537758?text=Ol%C3%A1%2C%20vim%20pelo%20Google%20e%20gostaria%20de%20tirar%20d%C3%BAvidas.","+55 19 99653-7758","Clínica odontológica","Periodontia e implantes dentários","Clínica de implante dentário","Radiologia odontológica","Endodontista","Clínico geral","Ortodontista","Laboratório de prótese e órtese","Odontopediatra","Serviço de clareamento dental","https://www.google.com/maps/search/?api=1&query=Elegance%20Sorriso%20%7C%20Dentista%20e%20Implantes%20em%20Campinas&query_place_id=ChIJt0hCfZS3yJQRuzGie_US6hU","Clínica odontológica"
"Elegance Sorriso | Dentista no Campo Grande","4.9","138","Av. Armando Mario Tozi, 235","Campinas","São Paulo","BR","https://wa.me/5519996537758?text=Ol%C3%A1%2C%20vim%20pelo%20Google%20e%20gostaria%20de%20tirar%20d%C3%BAvidas.","+55 19 99653-7758","Clínica odontológica","Periodontia e implantes dentários","Clínica de implante dentário","Radiologia odontológica","Endodontista","Clínico geral","Ortodontista","Laboratório de prótese e órtese","Serviço de clareamento dental",,"https://www.google.com/maps/search/?api=1&query=Elegance%20Sorriso%20%7C%20Dentista%20no%20Campo%20Grande&query_place_id=ChIJp0Q-bOO3yJQRrLAZn6VjYb0","Clínica odontológica"
"Odonto Company - Campinas","4.7","62","R. Edson Luiz Rigonatto, 1421","Campinas","São Paulo","BR",,"+55 19 99277-6139","Clínica odontológica",,,,,,,,,,"https://www.google.com/maps/search/?api=1&query=Odonto%20Company%20-%20Campinas&query_place_id=ChIJ4wgGbG23yJQR0lkcPnAjWr8","Clínica odontológica"
"Odonto Maracanã","4.8","5","R. Edson Luiz Rigonatto, 785 - sala4","Campinas","São Paulo","BR",,"+55 19 98422-5809","Clínica odontológica","Dentista",,,,,,,,,"https://www.google.com/maps/search/?api=1&query=Odonto%20Maracan%C3%A3&query_place_id=ChIJt1xQw223yJQR1M7xUIbGeyc","Clínica odontológica"
"Odontologia Especializada",,,"R. Augusto Padovani, 38","Campinas","São Paulo","BR",,"","Dentista",,,,,,,,,,"https://www.google.com/maps/search/?api=1&query=Odontologia%20Especializada&query_place_id=ChIJuQHqnbm4yJQRZrgFspwS37g","Dentista"
"Gotocrivari Latuf Odontologia","2","1","Av. Cardeal Dom Agnello Rossi, 550","Campinas","São Paulo","BR",,"+55 19 3388-4965","Dentista",,,,,,,,,,"https://www.google.com/maps/search/?api=1&query=Gotocrivari%20Latuf%20Odontologia&query_place_id=ChIJ_cfKn7bIyJQR5sVtDVKPy3Y","Dentista"
"Clínica Cosmos Odontologia",,,"R. Exp Mauro Costa Pereira, 227","Campinas","São Paulo","BR",,"+55 19 4141-3884","Cirurgião dentista",,,,,,,,,,"https://www.google.com/maps/search/?api=1&query=Cl%C3%ADnica%20Cosmos%20Odontologia&query_place_id=ChIJKydzy-u3yJQRUTUIPMhjfWY","Cirurgião dentista"
"OdontoCompany","4","53","Rua Dom Aloisio Lorscheider, 276","Campinas","São Paulo","BR",,"+55 19 3282-1121","Clínica odontológica",,,,,,,,,,"https://www.google.com/maps/search/?api=1&query=OdontoCompany&query_place_id=ChIJwef7cWi5yJQRyLH9l0W75Gs","Clínica odontológica"
"Dra Érika Cavalcanti - Cirurgiã Dentista","5","12","R. Orlando Viana, 55","Campinas","São Paulo","BR",,"+55 19 99227-7495","Clínica odontológica",,,,,,,,,,"https://www.google.com/maps/search/?api=1&query=Dra%20%C3%89rika%20Cavalcanti%20-%20Cirurgi%C3%A3%20Dentista&query_place_id=ChIJfy_wL6K3yJQRG8hdnqpkevE","Clínica odontológica"
"Odonto Carisma - Clínica Odontológica - Dentista","4.7","53","R. Alberto Bôsco, 154","Campinas","São Paulo","BR","http://www.odontocarisma.com.br/","+55 19 3281-2924","Dentista","Clínica odontológica",,,,,,,,,"https://www.google.com/maps/search/?api=1&query=Odonto%20Carisma%20-%20Cl%C3%ADnica%20Odontol%C3%B3gica%20-%20Dentista&query_place_id=ChIJhZHULsm4yJQRhNMcu5z3WDc","Dentista"
"Fenix Odontologia",,,"R. Srg João Francisco Caprio, 119","Campinas","São Paulo","BR",,"","Dentista",,,,,,,,,,"https://www.google.com/maps/search/?api=1&query=Fenix%20Odontologia&query_place_id=ChIJQb0C-TPIyJQREN-iW5SpBqU","Dentista"
"Consultório Odontológico Padre Anchieta - Dr. João Horácio de Oliveira Lara","3","2","Av. Papa João Paulo II, 1044","Campinas","São Paulo","BR",,"+55 19 3281-2306","Clínica odontológica",,,,,,,,,,"https://www.google.com/maps/search/?api=1&query=Consult%C3%B3rio%20Odontol%C3%B3gico%20Padre%20Anchieta%20-%20Dr.%20Jo%C3%A3o%20Hor%C3%A1cio%20de%20Oliveira%20Lara&query_place_id=ChIJp0h8Tu65yJQR5JbudocSJl4","Clínica odontológica"
"Med Anchieta","3.8","283","R. Papa Santo Eusébio, 357","Campinas","São Paulo","BR","https://medanchieta.com.br/","+55 19 3397-0643","Clínica odontológica","Serviço de exame de sangue","Policlínica",,,,,,,,"https://www.google.com/maps/search/?api=1&query=Med%20Anchieta&query_place_id=ChIJ3TCSr7-4yJQREQbKwpbmq0g","Clínica odontológica"
"Dentista Dra. Karen Iwashima","5","11","Av. John Boyd Dunlop, 8032","Campinas","São Paulo","BR",,"+55 19 98765-7174","Dentista","Clínica odontológica",,,,,,,,,"https://www.google.com/maps/search/?api=1&query=Dentista%20Dra.%20Karen%20Iwashima&query_place_id=ChIJdZS3Leu3yJQRr_Ex7nIUecU","Dentista"
"Dr Sebastião C. da Silva - Cirurgião Dentista","5","7","R. Maximiliano Antônio Benvenuto Baldo, 15","Campinas","São Paulo","BR",,"+55 19 99415-8629","Clínica odontológica",,,,,,,,,,"https://www.google.com/maps/search/?api=1&query=Dr%20Sebasti%C3%A3o%20C.%20da%20Silva%20-%20Cirurgi%C3%A3o%20Dentista&query_place_id=ChIJs_zDxnK3yJQRILes1e9iPss","Clínica odontológica"
"Clinica odontologica",,,"Av. Suaçuna","Campinas","São Paulo","BR",,"","Médico",,,,,,,,,,"https://www.google.com/maps/search/?api=1&query=Clinica%20odontologica&query_place_id=ChIJ18u1Ko23yJQRkbIJg7hu0Lc","Médico"
"Odontologia Dra. Kelly Castro - Check Up Bucal","5","8","R. Luverci Pereira de Souza, 1866","Campinas","São Paulo","BR",,"+55 19 99782-8292","Dentista",,,,,,,,,,"https://www.google.com/maps/search/?api=1&query=Odontologia%20Dra.%20Kelly%20Castro%20-%20Check%20Up%20Bucal&query_place_id=ChIJS0AB_7DGyJQR7-73KJsH6Mo","Dentista"
"Odonto Mirian","4.1","8","R. Guerino Bristotti, 338","Campinas","São Paulo","BR",,"+55 19 99380-8131","Clínica odontológica",,,,,,,,,,"https://www.google.com/maps/search/?api=1&query=Odonto%20Mirian&query_place_id=ChIJ-xjLWWXEyJQRQZAhD_yhN_Q","Clínica odontológica"
"Odontobarão - Dentista em barao","4.9","201","R. Antônio Galvão de O Barros, 18","Campinas","São Paulo","BR","https://www.odontobarao.com.br/","+55 19 98840-3385","Clínica odontológica","Dentista cosmético",,,,,,,,,"https://www.google.com/maps/search/?api=1&query=Odontobar%C3%A3o%20-%20Dentista%20em%20barao&query_place_id=ChIJ9VVvcMjGyJQRl1MLH2Rywo0","Clínica odontológica"
"Clínica Dr. Rafael","4.4","13","R. Edson Luiz Rigonatto, 711","Campinas","São Paulo","BR",,"+55 19 3221-6907","Clínica odontológica",,,,,,,,,,"https://www.google.com/maps/search/?api=1&query=Cl%C3%ADnica%20Dr.%20Rafael&query_place_id=ChIJryg_t-G3yJQRPg8PYbO_dmY","Clínica odontológica"
"Hope Odontologia & Bem Estar - Dra. Rose Helena Burgon","4.9","129","Esquina com - Rua Joao Leme, 132, Av. Oscár Pedroso Horta, 450","Campinas","SP","BR","https://hopeodontologia.com.br/","+55 19 99699-0011","Dentista","Clínica odontológica","Periodontia e implantes dentários","Cirurgião dentista","Ortodontista","Clínica de odontopediatria",,,,,"https://www.google.com/maps/search/?api=1&query=Hope%20Odontologia%20%26%20Bem%20Estar%20-%20Dra.%20Rose%20Helena%20Burgon&query_place_id=ChIJX8M5CUjByJQRuowjGbPifq8","Dentista"
"Odontoclinic - Campinas Barão Geraldo","4.7","91","Rua Benedito Alves Aranha, 55","Campinas","São Paulo","BR","https://odontoclinic.com.br/unidade/campinas-barao-geraldo","+55 19 3749-7500","Dentista",,,,,,,,,,"https://www.google.com/maps/search/?api=1&query=Odontoclinic%20-%20Campinas%20Bar%C3%A3o%20Geraldo&query_place_id=ChIJaZkQzcnGyJQRKFifY4pchog","Dentista"
"Dra Juliana Cristina Gardelim","4.9","27","R. Antônio Pierozzi, 30","Campinas","São Paulo","BR",,"+55 19 3249-0287","Dentista",,,,,,,,,,"https://www.google.com/maps/search/?api=1&query=Dra%20Juliana%20Cristina%20Gardelim&query_place_id=ChIJv7rOGEbHyJQR2LZaf9cY9HI","Dentista"
"Aliàre Odontologia Avançada","5","73","R. Francisco de Barros Filho, 16","Campinas","São Paulo","BR","http://www.aliareodontologia.com.br/","+55 19 98234-6872","Dentista","Dentista cosmético","Clínica odontológica","Periodontia e implantes dentários","Serviço dentário de emergência","Endodontista","Cirurgião dentista","Ortodontista","Odontopediatra","Clínica de odontopediatria","https://www.google.com/maps/search/?api=1&query=Ali%C3%A0re%20Odontologia%20Avan%C3%A7ada&query_place_id=ChIJYW1Ll8jGyJQRL0Q9kYJv3OE","Dentista"
"Oral Odontologia","4.3","12","Rod. Campinas-Mogi Mirim","Campinas","São Paulo","BR","http://www.oralodontologia.com.br/","+55 19 98239-5775","Clínica odontológica",,,,,,,,,,"https://www.google.com/maps/search/?api=1&query=Oral%20Odontologia&query_place_id=ChIJ2z59JJbJyJQRaG0xezghQMQ","Clínica odontológica"
"AVidotto Odontologia","4.3","98","Av. Santa Isabel, 241","Campinas","São Paulo","BR","http://www.avidottoodontologia.com.br/","+55 19 99238-2750","Dentista",,,,,,,,,,"https://www.google.com/maps/search/?api=1&query=AVidotto%20Odontologia&query_place_id=ChIJkyAFaMnGyJQR_nLq13jGc3A","Dentista"
"Dra. Roberta Justi - Odontologia- Ortodontista e Ortopedista Funcional dos Maxilares.CROSP 42279","5","124","Rua Aguaçu, 171 - Bloco Ipê","Campinas","São Paulo","BR","https://www.instagram.com/drarobertajusti/","+55 19 98306-2930","Ortodontista","Dentista","Serviço de clareamento dental",,,,,,,,"https://www.google.com/maps/search/?api=1&query=Dra.%20Roberta%20Justi%20-%20Odontologia-%20Ortodontista%20e%20Ortopedista%20Funcional%20dos%20Maxilares.CROSP%2042279&query_place_id=ChIJE36tI9DFyJQRikJ3JuT4c3w","Ortodontista"
"SILVEIRA ODONTOLOGIA - Dr. Luiz Gustavo da Silveira","5","39","R. Dirce Barbieri Gianese, 30 B","Campinas","São Paulo","BR","https://instagram.com/drlgsilveira?igshid=MzRlODBiNWFlZA==","+55 19 98842-3504","Clínica odontológica",,,,,,,,,,"https://www.google.com/maps/search/?api=1&query=SILVEIRA%20ODONTOLOGIA%20-%20Dr.%20Luiz%20Gustavo%20da%20Silveira&query_place_id=ChIJKTAyrcnGyJQRYeRmDafr0uo","Clínica odontológica"
"Dr. Marco Aurélio Rela - Odontologia Premium","5","41","Bloco Ipê, Rua Aguaçu, 171 - Sala 114","Campinas","SP","BR","https://marcoaureliorela.com.br/#home","+55 19 98221-8084","Dentista","Dentista cosmético","Ortodontista",,,,,,,,"https://www.google.com/maps/search/?api=1&query=Dr.%20Marco%20Aur%C3%A9lio%20Rela%20-%20Odontologia%20Premium&query_place_id=ChIJ9b1eC2zEyJQRwQy0arr9GIM","Dentista"
"Clean Odontologia",,,"Av. José dos Santos Marques, 62 - Galpão","Campinas","São Paulo","BR","https://www.cleanodontologia.com/","+55 19 99687-5028","Clínica odontológica",,,,,,,,,,"https://www.google.com/maps/search/?api=1&query=Clean%20Odontologia&query_place_id=ChIJ52TMTSLFyJQRZfbCAT9-Xlo","Clínica odontológica"
"Dr Daniel Medina Oppermann Odontologia","4.6","10","Rua Guapuruvu, 180 Sala 1 - Terreo","Campinas","SP","BR",,"+55 19 3262-0314","Cirurgião dentista","Clínica de implante dentário",,,,,,,,,"https://www.google.com/maps/search/?api=1&query=Dr%20Daniel%20Medina%20Oppermann%20Odontologia&query_place_id=ChIJu__7WWrEyJQRhl52FmCV6nw","Cirurgião dentista"
"Odontologia Barão",,,"Av. Dr. Romeu Tortima, 1101","Campinas","São Paulo","BR",,"","Dentista",,,,,,,,,,"https://www.google.com/maps/search/?api=1&query=Odontologia%20Bar%C3%A3o&query_place_id=ChIJyxa5SrfGyJQRTc8Jc9IYKew","Dentista"
"Rittner Odontologia de Resultados","5","10","Av. Modesto Fernandes, 127","Campinas","São Paulo","BR",,"+55 19 99933-6461","Clínica odontológica","Cirurgião dentista",,,,,,,,,"https://www.google.com/maps/search/?api=1&query=Rittner%20Odontologia%20de%20Resultados&query_place_id=ChIJe5rNGCzByJQRIJfWKcgiB5A","Clínica odontológica"
"Dr. Newton Rodrigues Ribeiro Júnior e Dr. Newton Rodrigues Ribeiro Neto - Odontologia Ribeiro","4.2","13","R. Francisco de Barros Filho, 126","Campinas","São Paulo","BR",,"+55 19 3289-1241","Dentista","Clínica odontológica","Cirurgião dentista",,,,,,,,"https://www.google.com/maps/search/?api=1&query=Dr.%20Newton%20Rodrigues%20Ribeiro%20J%C3%BAnior%20e%20Dr.%20Newton%20Rodrigues%20Ribeiro%20Neto%20-%20Odontologia%20Ribeiro&query_place_id=ChIJgT7458jGyJQR9UOSTjBjO44","Dentista"
"LARA & GARDELIN ODONTOLOGIA","5","3","RUA Luís Carlos Meneghetti 77","Campinas","SP","BR","https://instagram.com/laragardelin_odontologia","+55 19 99500-4250","Dentista",,,,,,,,,,"https://www.google.com/maps/search/?api=1&query=LARA%20%26%20GARDELIN%20ODONTOLOGIA&query_place_id=ChIJk7TZoIPHyJQR-slZIRyh-44","Dentista"
"Odontologia Iutaca Tamaki","5","2","Rua Benedito Alves Aranha, 202 - Casa 1","Campinas","São Paulo","BR",,"+55 19 3289-0072","Cirurgião dentista",,,,,,,,,,"https://www.google.com/maps/search/?api=1&query=Odontologia%20Iutaca%20Tamaki&query_place_id=ChIJ6XlJ38jGyJQRTUpxK5q7BYc","Cirurgião dentista"
"Odontologia osse","5","3","Av. Dr. Romeu Tortima, 915","Campinas","São Paulo","BR",,"+55 19 3289-1010","Cirurgião dentista",,,,,,,,,,"https://www.google.com/maps/search/?api=1&query=Odontologia%20osse&query_place_id=ChIJW1Vj0LDGyJQRsfzWLkY-6ZQ","Cirurgião dentista"
"Odontologia Ribeiro","4.5","2","R. Francisco de Barros Filho, 126","Campinas","São Paulo","BR",,"+55 19 3289-1241","Dentista",,,,,,,,,,"https://www.google.com/maps/search/?api=1&query=Odontologia%20Ribeiro&query_place_id=ChIJ_XO3FgXHyJQRa_OAjC7wNAQ","Dentista"
"Odontologia Integrada","4.5","2","Rua Jerônimo Páttaro, 226","Campinas","São Paulo","BR",,"+55 19 97827-2541","Dentista",,,,,,,,,,"https://www.google.com/maps/search/?api=1&query=Odontologia%20Integrada&query_place_id=ChIJYyXkgcvGyJQREKz4-djX-a4","Dentista"
"Dra. Tamy C. G. M. Souza Odontologia","5","3","Rua Jerônimo Páttaro, 226","Campinas","São Paulo","BR",,"+55 19 99125-9619","Cirurgião dentista",,,,,,,,,,"https://www.google.com/maps/search/?api=1&query=Dra.%20Tamy%20C.%20G.%20M.%20Souza%20Odontologia&query_place_id=ChIJBW5LnZXHyJQRpGFiNYLVT5I","Cirurgião dentista"
"Michelle Angelini Odontologia","5","1","Rua Jerônimo Páttaro, 364","Campinas","São Paulo","BR",,"+55 19 3232-6702","Dentista",,,,,,,,,,"https://www.google.com/maps/search/?api=1&query=Michelle%20Angelini%20Odontologia&query_place_id=ChIJR8LPINbHyJQR_s1pt46x8qw","Dentista"
"Biocibernética Bucal Patrícia - Odontologia",,,"Rua Jerônimo Páttaro","Campinas","São Paulo","BR",,"+55 19 99609-2461","Cirurgião dentista",,,,,,,,,,"https://www.google.com/maps/search/?api=1&query=Biocibern%C3%A9tica%20Bucal%20Patr%C3%ADcia%20-%20Odontologia&query_place_id=ChIJa2f8L9PHyJQRntZZdFf3b4Q","Cirurgião dentista"
"Haddad e Vieira Odontologia",,,"Rua Maria Tereza Dias da Silva, 400","Campinas","São Paulo","BR","https://haddadevieira.com/contato/","+55 19 99294-8008","Dentista",,,,,,,,,,"https://www.google.com/maps/search/?api=1&query=Haddad%20e%20Vieira%20Odontologia&query_place_id=ChIJ__-DkzfByJQRHnXNMsoM3Hk","Dentista"
"Centro Infantil Boldrini : Departamento de Odontologia","1","1","Rua Dr. Gabriel Porto, 1270","Campinas","São Paulo","BR","http://www.boldrini.org.br/","+55 19 3787-5000","Departamento hospitalar",,,,,,,,,,"https://www.google.com/maps/search/?api=1&query=Centro%20Infantil%20Boldrini%20%3A%20Departamento%20de%20Odontologia&query_place_id=ChIJhz-3IlHByJQRUkwikAr7-fM","Departamento hospitalar"
"HOPE ODONTOLOGIA",,,,,,,"https://hopeodontologia.com.br/","+55 19 99699-0011","Clínica odontológica","Service establishment",,,,,,,,,"https://www.google.com/maps/search/?api=1&query=HOPE%20ODONTOLOGIA&query_place_id=ChIJcwoqaBXxEYERKjRe5TRug1k","Clínica odontológica"
"Dra. Aline Godoi","4.8","31","Av. Dr. Antônio Carlos Couto de Barros, 964 - Sala 4","Campinas","São Paulo","BR","https://www.alinegodoi.com.br/","+55 19 98393-2065","Dentista","Cirurgião dentista",,,,,,,,,"https://www.google.com/maps/search/?api=1&query=Dra.%20Aline%20Godoi&query_place_id=ChIJtbJHnMPRyJQRv65L7__XJKI","Dentista"
"OrthoDontic","5","87","Avenida Albino Jose Barbosa de Oliveira, 2039 Barão Geraldo","Campinas","SP","BR","https://www.orthodonticbrasil.com.br/clinicas/campinas-539/","+55 19 3289-6267","Dentista","Clínica odontológica","Ortodontista",,,,,,,,"https://www.google.com/maps/search/?api=1&query=OrthoDontic&query_place_id=ChIJDwbi1xzByJQRlJLKYYnQ6bQ","Dentista"
"Dentista 24 Horas Campinas","4.9","724","R. Dr. Emílio Ribas, 805 - sala 61","Campinas","São Paulo","BR","https://www.dentista24horascampinas.com.br/google-meu-negocio/","+55 19 99409-5553","Dentista","Dentista cosmético","Clínica odontológica","Periodontia e implantes dentários","Serviço dentário de emergência","Endodontista","Cirurgião dentista",,,,"https://www.google.com/maps/search/?api=1&query=Dentista%2024%20Horas%20Campinas&query_place_id=ChIJk3RVzU_PyJQRWR_qBDwiZ8c","Dentista"
"Dentistas 24 Horas Campinas","4.2","321","Av. Dr. Moraes Salles, 2455","Campinas","São Paulo","BR","http://dentistas24h.com/","+55 19 3324-9466","Dentista",,,,,,,,,,"https://www.google.com/maps/search/?api=1&query=Dentistas%2024%20Horas%20Campinas&query_place_id=ChIJgWbd9GPPyJQRcqDQCksC7DI","Dentista"
"Clínica Odonthus - Dra. Maisa Quintas da Costa","4.8","549","Rua Frei Manoel da Ressurreição, 599","Campinas","São Paulo","BR","http://www.odonthus.com.br/","+55 19 3241-0211","Clínica odontológica",,,,,,,,,,"https://www.google.com/maps/search/?api=1&query=Cl%C3%ADnica%20Odonthus%20-%20Dra.%20Maisa%20Quintas%20da%20Costa&query_place_id=ChIJ1_Q-l6fIyJQRGr4y4IRKoSU","Clínica odontológica"
"Dra. Mirian Bustillo | Dentista em Campinas","5","361","Av. Orosimbo Maia, 430 - sala 1512","Campinas","São Paulo","BR","https://mirianbustillodentista.com.br/","+55 19 99214-1001","Dentista","Dentista cosmético","Clínica odontológica","Periodontia e implantes dentários","Endodontista","Cirurgião dentista","Ortodontista",,,,"https://www.google.com/maps/search/?api=1&query=Dra.%20Mirian%20Bustillo%20%7C%20Dentista%20em%20Campinas&query_place_id=ChIJXRay7yzPyJQRhkG2VmqUh34","Dentista"
"Armonia Dentale Odontologia Integrada","5","302","R. Cônego Nery, 329","Campinas","São Paulo","BR","https://www.armoniadentale.com.br/","+55 19 99214-9983","Dentista","Clínica odontológica",,,,,,,,,"https://www.google.com/maps/search/?api=1&query=Armonia%20Dentale%20Odontologia%20Integrada&query_place_id=ChIJS1xH5zjHyJQReX8dMPXOB7o","Dentista"
"Dental Health Odontologia Especializada","4.8","175","Av. Francisco de Paula Oliveira Nazareth, 818","Campinas","São Paulo","BR","http://www.dentalhealth.com.br/","+55 19 98220-9193","Clínica odontológica",,,,,,,,,,"https://www.google.com/maps/search/?api=1&query=Dental%20Health%20Odontologia%20Especializada&query_place_id=ChIJu0M_DVbJyJQRFy-Wwcv4xLo","Clínica odontológica"
"Clínica Vida Odontologia","5","480","Rua Barão de Jaguara, 655 - sala 1001","Campinas","São Paulo","BR",,"+55 19 98127-4256","Clínica odontológica",,,,,,,,,,"https://www.google.com/maps/search/?api=1&query=Cl%C3%ADnica%20Vida%20Odontologia&query_place_id=ChIJw8JqvN7PyJQRD6ll9cMIWpo","Clínica odontológica"
"Dra. Beatriz Toriani- Dentista em Campinas","4.5","137","Rua Barão de Jaguara, 655","Campinas","São Paulo","BR","https://www.doctoralia.com.br/beatriz-toriani/dentista/campinas?utm_source=google&utm_medium=gmb&utm_campaign=533062&utm_content=website","+55 19 3233-4558","Dentista","Clínica odontológica","Cirurgião dentista","Ortodontista","Odontopediatra",,,,,,"https://www.google.com/maps/search/?api=1&query=Dra.%20Beatriz%20Toriani-%20Dentista%20em%20Campinas&query_place_id=ChIJ3Ssrf0rPyJQR-4Xd6fHI26k","Dentista"
"Villela Dentista 24 Horas","4.8","76","Em frente ao supermercado Dalben Taquaral - Av. Nossa Sra. de Fátima, 1271","Campinas","São Paulo","BR","https://www.villeladentista.com.br/","+55 19 99574-8557","Dentista","Serviço dentário de emergência","Cirurgião dentista",,,,,,,,"https://www.google.com/maps/search/?api=1&query=Villela%20Dentista%2024%20Horas&query_place_id=ChIJueVnf63JyJQRM8uDxCP1FRs","Dentista"
"Dra. Glaucia Bertoli Odontologia -Dentista Campinas - Lente de Contato-Restauração-Prótese-Implante-Protocolo-Ortodontia","5","120","R. Drᵃ. Joana Zanaga A. Gomes, 1006","Campinas","São Paulo","BR","http://instagram.com/dra.glauciabertoli","+55 19 98127-0602","Dentista","Esteticista","Clínica odontológica","Periodontia e implantes dentários","Clínica de implante dentário","Endodontista","Cirurgião dentista","Ortodontista","Odontopediatra","Serviço de clareamento dental","https://www.google.com/maps/search/?api=1&query=Dra.%20Glaucia%20Bertoli%20Odontologia%20-Dentista%20Campinas%20-%20Lente%20de%20Contato-Restaura%C3%A7%C3%A3o-Pr%C3%B3tese-Implante-Protocolo-Ortodontia&query_place_id=ChIJL0VPmH7JyJQRZEFB5zKmRQ8","Dentista"
"Dentista Campinas - Cambuí | Atendimento Particular","5","58","R. Dr. José Inocêncio de Campos, 268","Campinas","São Paulo","BR","https://dentistacampinas.com.br/","+55 19 99977-4021","Clínica odontológica",,,,,,,,,,"https://www.google.com/maps/search/?api=1&query=Dentista%20Campinas%20-%20Cambu%C3%AD%20%7C%20Atendimento%20Particular&query_place_id=ChIJ2e4q1d7PyJQR_m4ouENwX3c","Clínica odontológica"
"Dra Carla Marcondes","3.3","10","R. Boaventura do Amaral, 216","Campinas","São Paulo","BR","http://dentistacampinas.odo.br/","+55 19 3307-1219","Dentista",,,,,,,,,,"https://www.google.com/maps/search/?api=1&query=Dra%20Carla%20Marcondes&query_place_id=ChIJgzjL0zbPyJQRKTqUwXagxAg","Dentista"
"Vulcano Odontologia Hospitalar Vip","4.8","200","Av. Dr. Alberto Sarmento, 586 - SALA 4","Campinas","São Paulo","BR","https://odontologiaurgencia24h.com.br/dentista-urgente-campinas/","+55 19 99344-0027","Dentista","Clínica de implante dentário","Clínica odontológica","Serviço dentário de emergência",,,,,,,"https://www.google.com/maps/search/?api=1&query=Vulcano%20Odontologia%20Hospitalar%20Vip&query_place_id=ChIJTywcaajHyJQR8YgRgeQInPE","Dentista"
"Intégra Odontologia e Saúde","4.9","161","Rua Barão de Paranapanema, 146 - Sala 32A","Campinas","São Paulo","BR","https://www.integraodontosaude.com.br/","+55 19 3254-0862","Clínica odontológica",,,,,,,,,,"https://www.google.com/maps/search/?api=1&query=Int%C3%A9gra%20Odontologia%20e%20Sa%C3%BAde&query_place_id=ChIJa2_NYjnPyJQRsL6O6ag45LI","Clínica odontológica"
"Clinica Odontológica Sorella","4.4","99","Av. Minas Gerais, 62","Campinas","São Paulo","BR","https://www.instagram.com/clinica.odontologica.sorella/","+55 19 3273-1723","Clínica odontológica",,,,,,,,,,"https://www.google.com/maps/search/?api=1&query=Clinica%20Odontol%C3%B3gica%20Sorella&query_place_id=ChIJpTicKcLIyJQRHq_V_jNfG_k","Clínica odontológica"
"Oral Clin Campinas","4.6","262","Rua Barão de Jaguara, 1147","Campinas","São Paulo","BR","https://www.oralclincampinas.com.br/","+55 19 2513-4344","Dentista","Periodontia e implantes dentários","Clínica de implante dentário","Clínica odontológica","Endodontista","Cirurgião dentista","Ortodontista","Odontopediatra","Periodontista",,"https://www.google.com/maps/search/?api=1&query=Oral%20Clin%20Campinas&query_place_id=ChIJgVi8prTIyJQRXMjhzp6Fhik","Dentista"
"DentalKids Campinas","4.6","2184","R. Luzitana, 740 - 5o andar","Campinas","São Paulo","BR","http://www.dentalkids.com.br/","+55 19 3233-6671","Dentista","Clínica odontológica","Ortodontista","Clínica de odontopediatria",,,,,,,"https://www.google.com/maps/search/?api=1&query=DentalKids%20Campinas&query_place_id=ChIJJ-BQ9ErPyJQRfcfEpPV1V94","Dentista"
"Implante Dental Campinas","5","818","R. Felipe dos Santos, 176","Campinas","São Paulo","BR","https://implantedentalcampinas.com.br/","+55 19 98873-0888","Dentista","Dentista cosmético","Clínica de implante dentário",,,,,,,,"https://www.google.com/maps/search/?api=1&query=Implante%20Dental%20Campinas&query_place_id=ChIJoytVKUnJyJQRbwKie9jBjto","Dentista"
"Clínica Rizzo","5","172","Rua Barão de Paranapanema, 146 - sala 33A","Campinas","São Paulo","BR","http://clinicarizzo.com.br/?utm_source=google&utm_medium=wix_google_business_profile&utm_campaign=605678500515935528","+55 19 99220-3883","Dentista","Clínica odontológica",,,,,,,,,"https://www.google.com/maps/search/?api=1&query=Cl%C3%ADnica%20Rizzo&query_place_id=ChIJxWVnYjnPyJQRFvvlxWPERDw","Dentista"
"Odontologia 24 Horas Campinas","4.7","26","Av. Aquidabã, 883 - Sala 12","Campinas","São Paulo","BR","https://www.dentista24horascampinas.com.br/google-meu-negocio/","+55 19 99409-5553","Clínica odontológica","Endodontista","Cirurgião dentista",,,,,,,,"https://www.google.com/maps/search/?api=1&query=Odontologia%2024%20Horas%20Campinas&query_place_id=ChIJh4FRLQnPyJQReNaLKZpIrlU","Clínica odontológica"
"Clínica Odontológica | Rede Odonto Campinas","4.9","833","Av. Francisco Glicério, 1246 - 3º andar","Campinas","São Paulo","BR","https://www.redeodonto.com.br/rede-odonto-campinas","+55 19 3203-1404","Clínica odontológica",,,,,,,,,,"https://www.google.com/maps/search/?api=1&query=Cl%C3%ADnica%20Odontol%C3%B3gica%20%7C%20Rede%20Odonto%20Campinas&query_place_id=ChIJ_fJkU-bJyJQRkyriqOD0XIA","Clínica odontológica"
"A Odontologia Select® - Clínica Odontológica em Campinas","4.3","224","Rua Barão de Jaguara, 655","Campinas","São Paulo","BR","http://www.aodontologiaselect.com.br/","+55 19 3233-4558","Clínica odontológica",,,,,,,,,,"https://www.google.com/maps/search/?api=1&query=A%20Odontologia%20Select%C2%AE%20-%20Cl%C3%ADnica%20Odontol%C3%B3gica%20em%20Campinas&query_place_id=ChIJF6gbqHXPyJQRiKLNb8Xuncw","Clínica odontológica"
"Clinica Odontológica ( Fechada)","4.8","100","Av. Dr. Armando Sales de Oliveira, 175","Campinas","São Paulo","BR",,"+55 19 99799-8922","Clínica odontológica",,,,,,,,,,"https://www.google.com/maps/search/?api=1&query=Clinica%20Odontol%C3%B3gica%20(%20Fechada)&query_place_id=ChIJoXRKx43FyJQR80NHUDzDyDQ","Clínica odontológica"
"Centro Odontológico Campinas","4.2","5","Av. Dr. Moraes Salles, 567 - Sala 3","Campinas","São Paulo","BR",,"+55 19 99538-5339","Dentista","Clínica de implante dentário",,,,,,,,,"https://www.google.com/maps/search/?api=1&query=Centro%20Odontol%C3%B3gico%20Campinas&query_place_id=ChIJqS_lT33JyJQR2Okq5F3LCPU","Dentista"
"Perfecta Odontologia","5","243","Rua Dona Rosa de Gusmão, 526","Campinas","São Paulo","BR","https://odontoperfecta.com.br/","+55 19 98722-0849","Dentista","Clínica odontológica","Cirurgião dentista","Ortodontista","Periodontista",,,,,,"https://www.google.com/maps/search/?api=1&query=Perfecta%20Odontologia&query_place_id=ChIJI7naGxvGyJQRBTTl-ZnVkhI","Dentista"
"Clínica Odontologica Prado","5","165","R. Seriema, 148","Campinas","São Paulo","BR","https://clinica-odontologica-pra-isg93rl.gamma.site/","+55 19 3227-5976","Dentista","Periodontia e implantes dentários","Clínica de implante dentário","Clínica odontológica","Centro de cuidados com dentaduras","Endodontista","Periodontista",,,,"https://www.google.com/maps/search/?api=1&query=Cl%C3%ADnica%20Odontologica%20Prado&query_place_id=ChIJqYTG-nOubo0R95U17oYvcu4","Dentista"
"Clínica Foli Odontologia & Saúde","4.8","78","R. Bolívia, 309","Campinas","São Paulo","BR","https://odontofoli.com.br/","+55 19 3043-0551","Clínica especializada",,,,,,,,,,"https://www.google.com/maps/search/?api=1&query=Cl%C3%ADnica%20Foli%20Odontologia%20%26%20Sa%C3%BAde&query_place_id=ChIJYQ4vKzPPyJQRI_KoPKVYcrY","Clínica especializada"
"Odontoclinic Vila Teixeira Campinas","4.7","399","R. Joaquim Vilac, 791","Campinas","São Paulo","BR","https://odontoclinicvilateixeira.com/","+55 19 99785-7353","Dentista",,,,,,,,,,"https://www.google.com/maps/search/?api=1&query=Odontoclinic%20Vila%20Teixeira%20Campinas&query_place_id=ChIJEdr_F8nJyJQR-odzS3OJgRE","Dentista"
"Clínica Dentista do Povo - Campinas","4.7","55","R. José Paulino, 1061","Campinas","São Paulo","BR","https://clinicadentistadopovo.com.br/","+55 19 97165-7962","Clínica odontológica",,,,,,,,,,"https://www.google.com/maps/search/?api=1&query=Cl%C3%ADnica%20Dentista%20do%20Povo%20-%20Campinas&query_place_id=ChIJLQZz5OjJyJQRrTQX8WVNvtg","Clínica odontológica"
"Dra. Daniela Toyama | Dentista Estomatologista","4.9","269","R. Tomás Gonçalves Gômide, 39","Campinas","São Paulo","BR","https://www.danielatoyama.com.br/","+55 19 3272-2358","Dentista","Periodontia e implantes dentários","Cirurgião dentista","Ortodontista","Odontopediatra","Clínica de odontopediatria",,,,,"https://www.google.com/maps/search/?api=1&query=Dra.%20Daniela%20Toyama%20%7C%20Dentista%20Estomatologista&query_place_id=ChIJiy0JGe3IyJQR-KQ0wNGEZy0","Dentista"
"Cassani Dental Studio - Implante | Lente de contato | Dentista Campinas","5","46","Av. José Bonifácio Coutinho Nogueira, 214 - Sala 517","Campinas","São Paulo","BR","http://www.cassanidentalstudio.com.br/","+55 19 98155-7399","Dentista","Clínica odontológica","Periodontia e implantes dentários","Clínica de implante dentário","Endodontista","Ortodontista",,,,,"https://www.google.com/maps/search/?api=1&query=Cassani%20Dental%20Studio%20-%20Implante%20%7C%20Lente%20de%20contato%20%7C%20Dentista%20Campinas&query_place_id=ChIJK36Cd5zFyJQRYf9hb3-bREU","Dentista"
"Clínica Odontológica Tropical : Dentista adulto e infantil .Radiografia Panorâmica","4.8","302","R. Laércio Monzani, 60","Campinas","São Paulo","BR","https://www.clinicatropical.com.br/","+55 19 99605-3343","Dentista","Periodontia e implantes dentários","Clínica de implante dentário","Radiologia odontológica","Clínica odontológica","Cirurgião dentista","Ortodontista","Odontopediatra","Periodontista","Radiologista","https://www.google.com/maps/search/?api=1&query=Cl%C3%ADnica%20Odontol%C3%B3gica%20Tropical%20%3A%20Dentista%20adulto%20e%20infantil%20.Radiografia%20Panor%C3%A2mica&query_place_id=ChIJ41P72kbIyJQRWM3Fm7o958E","Dentista"
"Dra. Andrea Ferraz de Campos Dentista","5","114","Av. da Saudade, 832 - sala 02","Campinas","São Paulo","BR","https://www.andreaferrazdentista.com.br/","+55 19 99907-5855","Dentista","Clínica odontológica","Cirurgião dentista",,,,,,,,"https://www.google.com/maps/search/?api=1&query=Dra.%20Andrea%20Ferraz%20de%20Campos%20Dentista&query_place_id=ChIJJ_ANuy7PyJQRal5qU_z3QV4","Dentista"
"Dentista Monte Cristo","5","5","Av. Carlos Stela Neto, 287B","Campinas","São Paulo","BR",,"+55 19 99985-3055","Clínica odontológica",,,,,,,,,,"https://www.google.com/maps/search/?api=1&query=Dentista%20Monte%20Cristo&query_place_id=ChIJ8Q3ynW_JyJQRtSAO0N3CEMY","Clínica odontológica"
"Dr Marcelo Palma | Dentista em Campinas | Implante, facetas, canal, clareamento, restauração, extração de siso.","5","97","Av: Andrade Neves, 2412 - Sala 53","Campinas","São Paulo","BR","http://drmarcelopalma.com.br/","+55 19 99488-2434","Dentista","Clínica odontológica","Periodontia e implantes dentários","Clínica de implante dentário","Endodontista","Cirurgião dentista","Ortodontista",,,,"https://www.google.com/maps/search/?api=1&query=Dr%20Marcelo%20Palma%20%7C%20Dentista%20em%20Campinas%20%7C%20Implante%2C%20facetas%2C%20canal%2C%20clareamento%2C%20restaura%C3%A7%C3%A3o%2C%20extra%C3%A7%C3%A3o%20de%20siso.&query_place_id=ChIJLZuGrzXPyJQRbegSfI0n_9A","Dentista"
"Odontologia Dra. Gabriela Yano","5","36","Av. Santa Genebra, 137","Campinas","São Paulo","BR","https://dragabrielayano.com.br/","+55 19 98397-6563","Dentista","Dentista cosmético","Clínica de implante dentário","Cirurgião dentista",,,,,,,"https://www.google.com/maps/search/?api=1&query=Odontologia%20Dra.%20Gabriela%20Yano&query_place_id=ChIJdZYHhYjGyJQRkUrtGt2xFvU","Dentista"
"SEO Dentista - Campinas","3.7","63","Av. Ruy Rodriguez, 613","Campinas","São Paulo","BR",,"+55 19 98608-8878","Dentista","Periodontia e implantes dentários","Clínica de implante dentário","Clínica odontológica",,,,,,,"https://www.google.com/maps/search/?api=1&query=SEO%20Dentista%20-%20Campinas&query_place_id=ChIJTZQUl27JyJQRObJIEZwDnt4","Dentista"
"Dr. Arthur Moreno Cecilio","5","121",,,,,,"(19) 99582-8723","Dentista",,,,,,,,,,"https://www.google.com/maps/place/Dr. Arthur Moreno Cecilio/@-22.895883,-47.054787,14z/data=!3m1!4b1!4m9!3m8!5m2!4m1!1i2!8m2!3d-22.895883!4d-47.054787!16snull!17Bnull","Dentista"
"Falconi Odontologia | Consultório Odontológico em Campinas - SP","4.9","23",,,,,,"(19) 98802-1244","Clínica odontológica",,,,,,,,,,"https://www.google.com/maps/place/Falconi Odontologia | Consultório Odontológico em Campinas - SP/@-22.931631,-47.080739,14z/data=!3m1!4b1!4m9!3m8!5m2!4m1!1i2!8m2!3d-22.931631!4d-47.080739!16snull!17Bnull","Clínica odontológica"
"Odontoboni - Odontologia 24 horas","4.9","77","Av. Aquidabã, 883","Campinas","São Paulo","BR","https://odontoboni.com.br/","+55 19 98959-4535","Clínica odontológica",,,,,,,,,,"https://www.google.com/maps/search/?api=1&query=Odontoboni%20-%20Odontologia%2024%20horas&query_place_id=ChIJH7ulpO7PyJQR7R3Cf6vFY3Q","Clínica odontológica"
"Florença Odontologia","4.9","128","Av. Baden Powell, 1323 - sala 3","Campinas","São Paulo","BR","https://www.florencaodontologia.com.br/","+55 19 99251-3389","Clínica odontológica","Dentista",,,,,,,,,"https://www.google.com/maps/search/?api=1&query=Floren%C3%A7a%20Odontologia&query_place_id=ChIJq61ftpTPyJQRGLO3cXyM8Oo","Clínica odontológica"
"Orny Odontologia","5","284","R. Antônio Cesarino, 149","Campinas","São Paulo","BR","https://ornyodontologia.com.br/?utm_source=google+gmn&utm_medium=clique+perfil&utm_campaign=clique+gmn&utm_id=Btn+gmn&utm_term=dentista+campinas","+55 19 99290-9917","Clínica odontológica","Clínica de implante dentário","Ortodontista","Periodontista",,,,,,,"https://www.google.com/maps/search/?api=1&query=Orny%20Odontologia&query_place_id=ChIJQxcjTDbPyJQRsMDNJB60o6w","Clínica odontológica"
"Dra. Clarissa Freitas - Faceta de Porcelana em Campinas","5","481","R. Felipe dos Santos, 176","Campinas","São Paulo","BR","https://facetadeporcelanacampinas.com.br/","+55 19 98873-0888","Dentista cosmético","Clínica odontológica","Dentista",,,,,,,,"https://www.google.com/maps/search/?api=1&query=Dra.%20Clarissa%20Freitas%20-%20Faceta%20de%20Porcelana%20em%20Campinas&query_place_id=ChIJz6VDR0LJyJQRo1r6wpWFs7I","Dentista cosmético"
"Dra Carla Lima Odontologia - ULTRACLEAN","4.9","103","Av. Dante Alighieri, 41","Campinas","São Paulo","BR","http://www.dracarlalimaodonto.com/","+55 19 97419-8292","Dentista",,,,,,,,,,"https://www.google.com/maps/search/?api=1&query=Dra%20Carla%20Lima%20Odontologia%20-%20ULTRACLEAN&query_place_id=ChIJJfPYRl3JyJQRI6FIhOFYapw","Dentista"
"Clínica Odontomartins","4.6","10","R. Joaquim Lacerda Coelho, 627","Campinas","São Paulo","BR","http://odontomartins.com.br/","+55 19 98258-3298","Clínica odontológica",,,,,,,,,,"https://www.google.com/maps/search/?api=1&query=Cl%C3%ADnica%20Odontomartins&query_place_id=ChIJgQfSsLbJyJQR_s2PzyEFvZM","Clínica odontológica"
"AMS Odontologia — Clareamento Dental com LED Violeta | Facetas de Porcelana em Campinas","5","192","R. Barata Ribeiro, 530 - Sala 64","Campinas","São Paulo","BR","https://amsodontologia.com.br/","+55 19 99246-9409","Clínica odontológica","Dentista cosmético","Periodontia e implantes dentários","Clínica de implante dentário","Dentista","Cirurgião dentista","Serviço de clareamento dental",,,,"https://www.google.com/maps/search/?api=1&query=AMS%20Odontologia%20%E2%80%94%20Clareamento%20Dental%20com%20LED%20Violeta%20%7C%20Facetas%20de%20Porcelana%20em%20Campinas&query_place_id=ChIJ25s8MyfJyJQReRpwb11wjMQ","Clínica odontológica"
"Encanttá Odontologia Campinas | Implante Dentário | Próteses | Dra Letícia Morato","5","934","R. Dr. Sampaio Ferraz, 697","Campinas","São Paulo","BR","https://encanttacampinas.com/","+55 19 99749-5525","Clínica odontológica",,,,,,,,,,"https://www.google.com/maps/search/?api=1&query=Encantt%C3%A1%20Odontologia%20Campinas%20%7C%20Implante%20Dent%C3%A1rio%20%7C%20Pr%C3%B3teses%20%7C%20Dra%20Let%C3%ADcia%20Morato&query_place_id=ChIJtQdk-s3PyJQRqzjIVib902M","Clínica odontológica"
"Clínica Odontológica Sorriso Mania Campinas | Dentista em Campinas","3.7","99","Av. Campos Sales, 548","Campinas","São Paulo","BR","https://clinicasorrisomania.com.br/","+55 19 3236-6076","Dentista","Clínica odontológica","Periodontia e implantes dentários","Radiologia odontológica","Ortodontista","Odontopediatra","Periodontista",,,,"https://www.google.com/maps/search/?api=1&query=Cl%C3%ADnica%20Odontol%C3%B3gica%20Sorriso%20Mania%20Campinas%20%7C%20Dentista%20em%20Campinas&query_place_id=ChIJSWhdMVnJyJQRocwNg4gnuyg","Dentista"
"Dra. Amanda Ferreira - Cirurgiã Dentista","5","25","R. Mogi Guaçu, 403 - consultório 2","Campinas","São Paulo","BR","https://draamandaferreira.com/","+55 19 99829-1133","Dentista","Clínica odontológica","Radiologia odontológica","Cirurgião dentista","Geriatra","Odontopediatra","Periodontista",,,,"https://www.google.com/maps/search/?api=1&query=Dra.%20Amanda%20Ferreira%20-%20Cirurgi%C3%A3%20Dentista&query_place_id=ChIJOddp-hzPyJQRnRAq49dJVY8","Dentista"
"Rudini Odontologia | Implante Dentário | Dentista | Vila Nogueira | Campinas - SP","5","298","R. Dona Luísa de Gusmão, 273","Campinas","São Paulo","BR",,"+55 19 98999-3546","Dentista","Dentista cosmético","Clínica odontológica","Clínica de implante dentário","Cirurgião dentista","Ortodontista",,,,,"https://www.google.com/maps/search/?api=1&query=Rudini%20Odontologia%20%7C%20Implante%20Dent%C3%A1rio%20%7C%20Dentista%20%7C%20Vila%20Nogueira%20%7C%20Campinas%20-%20SP&query_place_id=ChIJo8QLSNTFyJQRs5HlZ2cXBxs","Dentista"
"Clínica Azul Odontologia em Campinas | Dentista Dr. Robson Barros Jr.","4.8","99","R. Álvares Machado, 1217","Campinas","São Paulo","BR","https://clinicaazulodontologia.com.br/","+55 19 3233-3792","Dentista","Dentista cosmético","Endodontista","Cirurgião dentista","Ortodontista",,,,,,"https://www.google.com/maps/search/?api=1&query=Cl%C3%ADnica%20Azul%20Odontologia%20em%20Campinas%20%7C%20Dentista%20Dr.%20Robson%20Barros%20Jr.&query_place_id=ChIJ-7SWFD7JyJQRoDU4f6YtNkg","Dentista"
"Dentista Sulamérica Odontologia Ferraz","5","76","R. Júlio Frank de Arruda, 64","Campinas","São Paulo","BR",,"+55 19 99286-9156","Dentista","Periodontia e implantes dentários","Clínica de implante dentário","Endodontista","Clínico geral","Cirurgião dentista","Ortodontista","Serviço de clareamento dental",,,"https://www.google.com/maps/search/?api=1&query=Dentista%20Sulam%C3%A9rica%20Odontologia%20Ferraz&query_place_id=ChIJg_uBGa7IyJQRIAhoPJr81Hc","Dentista"
"Dra. Gabriela Duarte – Dentista em Campinas","5","35","Rua Frei Antônio de Pádua, 1122","Campinas","São Paulo","BR","http://monocard.me/gabrieladuarte","","Clínica odontológica","Cirurgião dentista","Serviço de clareamento dental",,,,,,,,"https://www.google.com/maps/search/?api=1&query=Dra.%20Gabriela%20Duarte%20%E2%80%93%20Dentista%20em%20Campinas&query_place_id=ChIJIzRWzO7HyJQRhbgW2lDpa6I","Clínica odontológica"
"Clínica Vitally Odontologia Integrada - Dentista em Campinas","4.4","68","Av. Francisco Glicério, 1867 - 3 andar, sala 31","Campinas","São Paulo","BR","https://clinicavitally3.com.br/","+55 19 99365-9898","Dentista","Clínica odontológica","Cirurgião dentista",,,,,,,,"https://www.google.com/maps/search/?api=1&query=Cl%C3%ADnica%20Vitally%20Odontologia%20Integrada%20-%20Dentista%20em%20Campinas&query_place_id=ChIJP0lO2PqisGAR7ZUwnNvZchQ","Dentista"
"Dra. Michelle Sakihama Ortodontista | Invisalign em Campinas | Dentista em Campinas | Alinhadores","5","109","Av. Dr. Heitor Penteado, 1105","Campinas","São Paulo","BR","https://www.instagram.com/dra.michelle.sakihama","+55 19 99710-7150","Dentista",,,,,,,,,,"https://www.google.com/maps/search/?api=1&query=Dra.%20Michelle%20Sakihama%20Ortodontista%20%7C%20Invisalign%20em%20Campinas%20%7C%20Dentista%20em%20Campinas%20%7C%20Alinhadores&query_place_id=ChIJRWOtENzHyJQR1iYBHB4ySKY","Dentista"
"GK Odontologia | Dentista, Implante, Canal, Gengiva, Estética dental e laser.","5","67","Avenida Padre - Av. Almeida Garret, 438","Campinas","São Paulo","BR","https://www.gkodontologia.com.br/","+55 19 99250-8132","Dentista","Periodontia e implantes dentários","Clínica de implante dentário","Clínica odontológica","Endodontista","Cirurgião dentista",,,,,"https://www.google.com/maps/search/?api=1&query=GK%20Odontologia%20%7C%20Dentista%2C%20Implante%2C%20Canal%2C%20Gengiva%2C%20Est%C3%A9tica%20dental%20e%20laser.&query_place_id=ChIJwyspDOPFyJQRl5t1Kg_6C_c","Dentista"
"Dra. Bruna Maki | Dentista Especialista em Endodontia | Clínica Geral","5","38","R. Lavínia, 41","Campinas","São Paulo","BR","https://drabrunamaki.com.br/lpdrabrunamaki/","+55 19 99676-6806","Dentista","Endodontista",,,,,,,,,"https://www.google.com/maps/search/?api=1&query=Dra.%20Bruna%20Maki%20%7C%20Dentista%20Especialista%20em%20Endodontia%20%7C%20Cl%C3%ADnica%20Geral&query_place_id=ChIJbWZV0dHJyJQRv5kZIc9clAk","Dentista"
"Dra. Ana Carolina Diniz T. Balzani - Cirurgiã-dentista","5","27","R. Oliveira Cardoso, 275 - sala 7","Campinas","São Paulo","BR","https://anacarolinadiniz.com/","+55 19 98117-6860","Cirurgião dentista",,,,,,,,,,"https://www.google.com/maps/search/?api=1&query=Dra.%20Ana%20Carolina%20Diniz%20T.%20Balzani%20-%20Cirurgi%C3%A3-dentista&query_place_id=ChIJD38cfTTHyJQR-hPMWj-T4ho","Cirurgião dentista"
"Dentista em Campinas • Dra Maria Santos","4.9","56","R. Barreto Leme, 2281","Campinas","São Paulo","BR","https://instagram.com/dra.mariasantos?igshid=OGQ5ZDc2ODk2ZA==&utm_source=qr","+55 19 99700-0077","Cirurgião dentista",,,,,,,,,,"https://www.google.com/maps/search/?api=1&query=Dentista%20em%20Campinas%20%E2%80%A2%20Dra%20Maria%20Santos&query_place_id=ChIJhwXmlvTPyJQRnpJSohcg_6M","Cirurgião dentista"
"Oral Unic","4.9","1384","Av. Barão de Itapura, 1888","Campinas","São Paulo","BR","http://www.oralunic.com.br/campinas-sp","+55 19 3365-6200","Dentista","Dentista cosmético","Periodontia e implantes dentários","Clínica odontológica",,,,,,,"https://www.google.com/maps/search/?api=1&query=Oral%20Unic&query_place_id=ChIJVyFgsezHyJQRRVr00zK6708","Dentista"
"Clínica odonto S.A.","4.8","230","Av. Pres. Juscelino, 1417","Campinas","São Paulo","BR",,"+55 19 3227-2420","Dentista","Clínica odontológica","Cirurgião dentista",,,,,,,,"https://www.google.com/maps/search/?api=1&query=Cl%C3%ADnica%20odonto%20S.A.&query_place_id=ChIJYdFljkTIyJQRHY6NdYyeBcY","Dentista"
"Clínica Alô Dente","5","151","Rua Barão de Jaguara, 655 - sala 1003","Campinas","São Paulo","BR","https://www.instagram.com/marlieriamartins/","+55 19 98303-0540","Dentista","Clínica odontológica","Cirurgião dentista","Ortodontista",,,,,,,"https://www.google.com/maps/search/?api=1&query=Cl%C3%ADnica%20Al%C3%B4%20Dente&query_place_id=ChIJq6rqA8HNyJQRoh0sM7ga0ys","Dentista"
"Clínica Odontológica Alencar","4.7","44","Av. Francisco Glicério, 1867 - conj. 42","Campinas","São Paulo","BR",,"+55 19 3232-6148","Clínica odontológica",,,,,,,,,,"https://www.google.com/maps/search/?api=1&query=Cl%C3%ADnica%20Odontol%C3%B3gica%20Alencar&query_place_id=ChIJ0Z8p1K3IyJQRgJCDS5RXuR4","Clínica odontológica"
"OdontoCompany - Centro - Campinas - Prótese Protocolo | Implantes Dentários","4.6","483","Av. Dr. Thomaz Alves, 10 - 1º andar","Campinas","São Paulo","BR","https://odccampinascentro.com.br/","+55 19 99125-2681","Dentista","Dentista cosmético","Periodontia e implantes dentários","Laboratório de odontologia","Radiologia odontológica","Clínica odontológica","Endodontista","Cirurgião dentista","Serviço de clareamento dental",,"https://www.google.com/maps/search/?api=1&query=OdontoCompany%20-%20Centro%20-%20Campinas%20-%20Pr%C3%B3tese%20Protocolo%20%7C%20Implantes%20Dent%C3%A1rios&query_place_id=ChIJ0dPnFbPIyJQRgzYHtZCS9no","Dentista"
"Clínica do Dente Campinas - Implantes e Próteses","4.6","159","R. Cônego Nery, 350","Campinas","São Paulo","BR","https://clinicadodentecampinas.com.br/","+55 19 99653-7758","Clínica odontológica","Clínica especializada",,,,,,,,,"https://www.google.com/maps/search/?api=1&query=Cl%C3%ADnica%20do%20Dente%20Campinas%20-%20Implantes%20e%20Pr%C3%B3teses&query_place_id=ChIJ9W-NlU7PyJQREjJMibOSPpI","Clínica odontológica"
"Fontes & Pavan Oral Studio Consultorio Odontológico","5","365","Av. José de Sousa Campos, 1815","Campinas","São Paulo","BR","https://www.fontespavan.com.br/","+55 19 99375-4039","Clínica odontológica",,,,,,,,,,"https://www.google.com/maps/search/?api=1&query=Fontes%20%26%20Pavan%20Oral%20Studio%20Consultorio%20Odontol%C3%B3gico&query_place_id=ChIJgTpbM4LJyJQRoj0r-ddxteo","Clínica odontológica"
"Rhema Clínica Odontologia","5","114","Av. Ten Haraldo Egídio de Souza Santos, 355","Campinas","São Paulo","BR","https://www.rhemaclinica.com/","+55 19 3241-5010","Clínica odontológica","Consultor de saúde",,,,,,,,,"https://www.google.com/maps/search/?api=1&query=Rhema%20Cl%C3%ADnica%20Odontologia&query_place_id=ChIJe3Qo6hnGyJQRzEoPYfbUWWU","Clínica odontológica"
"Odontoclinic - Campinas Parque Prado","4.4","87","Av. Dr. Ângelo Simões, 1086","Campinas","São Paulo","BR","https://odontoclinic.com.br/unidade/campinas-parque-prado","+55 19 3365-7002","Dentista",,,,,,,,,,"https://www.google.com/maps/search/?api=1&query=Odontoclinic%20-%20Campinas%20Parque%20Prado&query_place_id=ChIJc8OmFSvPyJQRmJLDLQfJML4","Dentista"
"ICO - Instituto de Cuidados Odontológicos","4.9","1136","Av. Mal. Rondon, 536","Campinas","São Paulo","BR","https://icocampinas.com.br/","+55 19 98388-0047","Dentista",,,,,,,,,,"https://www.google.com/maps/search/?api=1&query=ICO%20-%20Instituto%20de%20Cuidados%20Odontol%C3%B3gicos&query_place_id=ChIJNRY06CXGyJQR8vwJ0iqBKjo","Dentista"
"Heal Odontologia","5","165","Av. Dr. Jesuíno Marcondes Machado, 1199","Campinas","São Paulo","BR","http://www.healodontologia.com.br/","+55 19 98913-5177","Dentista","Dentista cosmético","Clínica odontológica","Periodontia e implantes dentários","Clínica de implante dentário","Serviço dentário de emergência","Cirurgião dentista","Ortodontista","Odontopediatra","Clínica de odontopediatria","https://www.google.com/maps/search/?api=1&query=Heal%20Odontologia&query_place_id=ChIJBeYLotHPyJQRr4Vna1k9w6o","Dentista"
"Opus Odontologia","5","78","R. Pedro Anderson, 526","Campinas","São Paulo","BR",,"+55 19 99521-3878","Clínica odontológica",,,,,,,,,,"https://www.google.com/maps/search/?api=1&query=Opus%20Odontologia&query_place_id=ChIJI2SUZFXHyJQRrs-eJErj-2M","Clínica odontológica"
"Dentista - Aura Odontologia 24h","4.8","33","R. Domício Pachêco e Silva, 1446","Campinas","São Paulo","BR",,"+55 19 98135-1766","Clínica odontológica",,,,,,,,,,"https://www.google.com/maps/search/?api=1&query=Dentista%20-%20Aura%20Odontologia%2024h&query_place_id=ChIJ3XEhDDfJyJQRUxxrboyabXc","Clínica odontológica"
"Consultório Odontológico Dra. Lígia Ferrinho Pereira","5","7","Rua Francisco Duarte de Rezende, 169","Campinas","São Paulo","BR","https://www.facebook.com/odontovidacampinas/","+55 19 4141-3525","Cirurgião dentista",,,,,,,,,,"https://www.google.com/maps/search/?api=1&query=Consult%C3%B3rio%20Odontol%C3%B3gico%20Dra.%20L%C3%ADgia%20Ferrinho%20Pereira&query_place_id=ChIJ5S9AbvrOyJQRnu8ovuW--Wg","Cirurgião dentista"
"Dra. Silvia Satriuc - Odontologia","4.8","111","R. Frei José do Monte Carmelo, 552 - sala1","Campinas","São Paulo","BR","https://silviasatriuc.com.br/","+55 19 99813-8118","Dentista",,,,,,,,,,"https://www.google.com/maps/search/?api=1&query=Dra.%20Silvia%20Satriuc%20-%20Odontologia&query_place_id=ChIJTRSiRf3PyJQRHDSPq0EQCcQ","Dentista"
"FINASI ODONTOLOGIA","4.5","4","R. Uruguaiana, 1086","Campinas","São Paulo","BR",,"+55 19 97100-3666","Clínica odontológica",,,,,,,,,,"https://www.google.com/maps/search/?api=1&query=FINASI%20ODONTOLOGIA&query_place_id=ChIJ1U5jVTfPyJQRANd1g1HJvng","Clínica odontológica"
"Orto Cirúrgica Odontologia Especializada - CRO 26.083 SP","4.7","98","Rua Silvio Rizzardo, 282","Campinas","São Paulo","BR",,"+55 19 3269-7893","Clínica odontológica",,,,,,,,,,"https://www.google.com/maps/search/?api=1&query=Orto%20Cir%C3%BArgica%20Odontologia%20Especializada%20-%20CRO%2026.083%20SP&query_place_id=ChIJHWCslVjIyJQRdCy9YREEyYk","Clínica odontológica"
"Dra. Marcia Darros Odontologia","5","2","R. Álvaro Muller, 247 - Conjunto 1","Campinas","São Paulo","BR",,"+55 19 3233-3630","Clínica odontológica",,,,,,,,,,"https://www.google.com/maps/search/?api=1&query=Dra.%20Marcia%20Darros%20Odontologia&query_place_id=ChIJxwacIrjJyJQR-Q13OxpC5D4","Clínica odontológica"
"Devitá Odontologia","4.7","15","R. Proença, 1184 - 2º Andar Sala 22","Campinas","São Paulo","BR","https://www.doctoralia.com.br/z/CgTmha","+55 19 98132-3127","Clínica odontológica","Periodontia e implantes dentários","Cirurgião dentista",,,,,,,,"https://www.google.com/maps/search/?api=1&query=Devit%C3%A1%20Odontologia&query_place_id=ChIJXzZH8C_PyJQRvQet7h5z9F4","Clínica odontológica"
"Clínica de Odontologia UNIP Campinas","3.6","5","Av. Comendador Enzo Ferrari, 280","Campinas","São Paulo","BR","https://unip.br/universidade/locais_atendimento/odontologia/campinas.aspx","+55 19 3776-4000","Clínica odontológica",,,,,,,,,,"https://www.google.com/maps/search/?api=1&query=Cl%C3%ADnica%20de%20Odontologia%20UNIP%20Campinas&query_place_id=ChIJxXJQZhXPyJQRz6bzOXEEkbg","Clínica odontológica"
"Dra. Gabriella Rodrigues Rocha - Dentista","5","4","Av. Brasil, 1406","Campinas","São Paulo","BR","https://dragabriella.com/","+55 19 3190-3190","Dentista",,,,,,,,,,"https://www.google.com/maps/search/?api=1&query=Dra.%20Gabriella%20Rodrigues%20Rocha%20-%20Dentista&query_place_id=ChIJ7f8g7X3JyJQR9qKOETypYnY","Dentista"
"Dr. Otávio Alberici - Cirurgião Dentista","5","67","R. Cel Joaquim José de Oliveira, n° 499 - Sala 3","Campinas","São Paulo","BR","https://sites.google.com/view/drotavioalberici","+55 19 99774-0205","Dentista",,,,,,,,,,"https://www.google.com/maps/search/?api=1&query=Dr.%20Ot%C3%A1vio%20Alberici%20-%20Cirurgi%C3%A3o%20Dentista&query_place_id=ChIJ05CkBqLHyJQRKJ3yA24T06M","Dentista"
"CMO - Clínica Marciano Odontologia | Dentista para Adultos e Crianças","5","36","R. Amélia Bueno, 168B","Campinas","São Paulo","BR","https://www.instagram.com/clinicamarcianoodontologia","+55 19 99367-5046","Dentista","Cirurgião dentista","Odontopediatra","Clínica de odontopediatria","Serviço de clareamento dental",,,,,,"https://www.google.com/maps/search/?api=1&query=CMO%20-%20Cl%C3%ADnica%20Marciano%20Odontologia%20%7C%20Dentista%20para%20Adultos%20e%20Crian%C3%A7as&query_place_id=ChIJu2T_mifFyJQRlfsjz6upUh0","Dentista"
"Dr. Felipe Coppini","5","69","R. Dr. Sampaio Ferraz, 563","Campinas","São Paulo","BR","http://odontologiacoppini.com.br/","+55 19 98903-2830","Dentista","Dentista cosmético","Cirurgião dentista",,,,,,,,"https://www.google.com/maps/search/?api=1&query=Dr.%20Felipe%20Coppini&query_place_id=ChIJdaYwokrPyJQR4mEwKM5Q_Ww","Dentista"
"Dr. Guilherme Mancini - Cirurgião Dentista","5","10","R. Dr. Sales de Oliveira, 455","Campinas","São Paulo","BR","https://www.instagram.com/drguilhermemancini/","+55 19 99336-1222","Cirurgião dentista",,,,,,,,,,"https://www.google.com/maps/search/?api=1&query=Dr.%20Guilherme%20Mancini%20-%20Cirurgi%C3%A3o%20Dentista&query_place_id=ChIJjTW4rhrJyJQRYWoxpFqUV_E","Cirurgião dentista"
"Dentista Dra. Vânia Cristina N. Horie","5","1","Av. Campos Sales, 354","Campinas","São Paulo","BR",,"+55 19 3232-0681","Dentista",,,,,,,,,,"https://www.google.com/maps/search/?api=1&query=Dentista%20Dra.%20V%C3%A2nia%20Cristina%20N.%20Horie&query_place_id=ChIJb3g_zrbIyJQRYhMdl8C7UqI","Dentista"
"Antúnez de Mayolo Odontologia","5","32","R. Dr. Teodoro Langard, 580 - sala 6","Campinas","São Paulo","BR","https://www.antunezdemayooodonto.com.br/","+55 19 98804-7919","Dentista","Clínica odontológica","Cirurgião dentista",,,,,,,,"https://www.google.com/maps/search/?api=1&query=Ant%C3%BAnez%20de%20Mayolo%20Odontologia&query_place_id=ChIJUUlMOtHFyJQRN77btaLZs3U","Dentista"
"Dra. Sandra Barbi - Periodontista em Campinas | Dentista em Campinas","5","44","Condomínio Hemisphere Norte Sul - R. Oriente, 55 - sala 404","Campinas","São Paulo","BR","https://drasandrabarbi.com.br/","+55 19 98870-4268","Periodontista","Periodontia e implantes dentários","Dentista",,,,,,,,"https://www.google.com/maps/search/?api=1&query=Dra.%20Sandra%20Barbi%20-%20Periodontista%20em%20Campinas%20%7C%20Dentista%20em%20Campinas&query_place_id=ChIJP2pbXjXPyJQRnUvcOi9AYOA","Periodontista"
"Dentista no Guanabara Campinas","5","2","R. Dr. Barbosa da Cunha, 754","Campinas","São Paulo","BR","https://dentista24horascampinas.com.br/google-meu-negocio/","+55 19 99409-5553","Dentista","Dentista cosmético","Clínica de implante dentário","Serviço dentário de emergência",,,,,,,"https://www.google.com/maps/search/?api=1&query=Dentista%20no%20Guanabara%20Campinas&query_place_id=ChIJ1X3pctjHyJQRJKOsIjWCsL0","Dentista"
"Dra. Daniele Padovani - Dentista em Campinas","5","36","Av. João Erbolato, 120","Campinas","São Paulo","BR","https://dradanielepadovani.com.br/lp/","+55 19 99335-5000","Dentista","Serviço de clareamento dental",,,,,,,,,"https://www.google.com/maps/search/?api=1&query=Dra.%20Daniele%20Padovani%20-%20Dentista%20em%20Campinas&query_place_id=ChIJE88R58jHyJQRW_bGvJBLyTM","Dentista"
"Dra. Vanessa Gonçalves | Dentista Campinas Centro","5","28","Rua Barão de Jaguara, 1481 - sala 88","Campinas","São Paulo","BR",,"+55 19 99921-1103","Dentista","Cirurgião dentista","Ortodontista",,,,,,,,"https://www.google.com/maps/search/?api=1&query=Dra.%20Vanessa%20Gon%C3%A7alves%20%7C%20Dentista%20Campinas%20Centro&query_place_id=ChIJMe0eyLTJyJQR0kB2Hpw701Y","Dentista"
"Clinica Odontológica Sorriso Mania Campinas | Dentista","4","47","Av. Senador Saraiva, 526","Campinas","São Paulo","BR","https://clinicasorrisomania.com.br/","+55 19 3236-0774","Cirurgião dentista","Periodontia e implantes dentários","Endodontista","Ortodontista","Periodontista",,,,,,"https://www.google.com/maps/search/?api=1&query=Clinica%20Odontol%C3%B3gica%20Sorriso%20Mania%20Campinas%20%7C%20Dentista&query_place_id=ChIJXaW-R3XJyJQRVmLIi1c5gdg","Cirurgião dentista"
"Dentista Dra. Josiane Martin | Invisalign em Campinas","5","20","R. José Paulino, 235 - Sala 1702","Campinas","São Paulo","BR","https://drajosianemartin.com.br/","+55 19 98155-8929","Ortodontista","Dentista","Cirurgião dentista","Serviço de clareamento dental",,,,,,,"https://www.google.com/maps/search/?api=1&query=Dentista%20Dra.%20Josiane%20Martin%20%7C%20Invisalign%20em%20Campinas&query_place_id=ChIJZ3sLBQTPyJQR8fTlFs-6Ijk","Ortodontista"
"Dra Celina Almendra | Dentista especialista em Canal e Ortodontia","5","15","Av. Luíz Smânio, 780","Campinas","São Paulo","BR",,"+55 19 98820-8800","Dentista","Endodontista","Ortodontista",,,,,,,,"https://www.google.com/maps/search/?api=1&query=Dra%20Celina%20Almendra%20%7C%20Dentista%20especialista%20em%20Canal%20e%20Ortodontia&query_place_id=ChIJOTxzhsTFyJQReClWdPhITTQ","Dentista"
"Dr. Matheus Jacomassi - Dentista em Campinas","4.9","50","Rua Barão de Jaguara, 655","Campinas","São Paulo","BR","https://drmatheusjacomassi.com/","+55 19 3233-4558","Dentista","Clínica odontológica",,,,,,,,,"https://www.google.com/maps/search/?api=1&query=Dr.%20Matheus%20Jacomassi%20-%20Dentista%20em%20Campinas&query_place_id=ChIJ00mafhPPyJQRfe96jxkb74U","Dentista"
"Dentista Dra. Kamille Vieira - Nova Europa","5","15","Av. Santa Bárbara do Rio Pardo","Campinas","São Paulo","BR",,"+55 16 99625-7573","Dentista",,,,,,,,,,"https://www.google.com/maps/search/?api=1&query=Dentista%20Dra.%20Kamille%20Vieira%20-%20Nova%20Europa&query_place_id=ChIJJT7ACDfPyJQRUwVqmL38ySM","Dentista"
"Dra. Julia Hoss | Dentista","5","14","R. Dr. Barbosa da Cunha, 754","Campinas","São Paulo","BR","https://www.drajuliahoss.com/","+55 19 99425-6232","Dentista","Clínica odontológica","Clínica de implante dentário","Cirurgião dentista",,,,,,,"https://www.google.com/maps/search/?api=1&query=Dra.%20Julia%20Hoss%20%7C%20Dentista&query_place_id=ChIJbwj2R8PJyJQR1cZ9A1tphLw","Dentista"
"Sorriso de Campinas","5","807","Rua 13 de Maio, 416","Campinas","São Paulo","BR","http://www.sorrisodecampinas.com/","+55 19 3232-2555","Dentista","Cirurgião dentista",,,,,,,,,"https://www.google.com/maps/search/?api=1&query=Sorriso%20de%20Campinas&query_place_id=ChIJ0SsrCG3ytZQRK-zAJwVf0B0","Dentista"
"Oral Corp - Clinicas Odontológicas (Unidade 1)","4.2","707","Av. Francisco Glicério, 669","Campinas","São Paulo","BR","http://www.oralcorp.com.br/","+55 19 3305-5555","Clínica odontológica",,,,,,,,,,"https://www.google.com/maps/search/?api=1&query=Oral%20Corp%20-%20Clinicas%20Odontol%C3%B3gicas%20(Unidade%201)&query_place_id=ChIJ96uSq0rPyJQRvbMQ8WZvEBc","Clínica odontológica"
"Clínica Odontológica Sorriso Mania Campinas | Dentista em Campinas","4.8","77","R. Álvares Machado, 938","Campinas","São Paulo","BR","https://clinicasorrisomania.com.br/","+55 19 99976-0036","Dentista","Clínica odontológica","Periodontia e implantes dentários","Radiologia odontológica","Centro de cuidados com dentaduras","Endodontista","Ortodontista","Odontopediatra",,,"https://www.google.com/maps/search/?api=1&query=Cl%C3%ADnica%20Odontol%C3%B3gica%20Sorriso%20Mania%20Campinas%20%7C%20Dentista%20em%20Campinas&query_place_id=ChIJHasS2aLJyJQRgp8q6pZPULM","Dentista"
"Levare Odontologia - Dentista Campinas","4.9","81","R. Vital Brasil, 63","Campinas","São Paulo","BR","https://levareodontologia.com.br/","+55 19 99385-1155","Dentista","Clínica odontológica","Endodontista","Cirurgião dentista",,,,,,,"https://www.google.com/maps/search/?api=1&query=Levare%20Odontologia%20-%20Dentista%20Campinas&query_place_id=ChIJNVKgepXHyJQRKZpUqt-ZVME","Dentista"
"Odontologia Almeida Martins","5","29","Av. Engenheiro Augusto Figueiredo, 1247","Campinas","São Paulo","BR",,"+55 19 98434-9361","Clínica odontológica","Periodontia e implantes dentários","Ortodontista",,,,,,,,"https://www.google.com/maps/search/?api=1&query=Odontologia%20Almeida%20Martins&query_place_id=ChIJDWLfYu7OyJQR0Y3yxNnaAN8","Clínica odontológica"
"Dentista Lilian Taine Cirurgiã Dentista CRO 136094","5","31","R. dos Guainumbis, 574","Campinas","São Paulo","BR",,"+55 19 99664-4020","Dentista",,,,,,,,,,"https://www.google.com/maps/search/?api=1&query=Dentista%20Lilian%20Taine%20Cirurgi%C3%A3%20Dentista%20CRO%20136094&query_place_id=ChIJfydifaPHyJQRzwMJWNjUwIg","Dentista"
"Dr. Gustavo Quesada | Dentista Em Campinas - SP","5","19","Rua Barão de Jaguara, 655","Campinas","São Paulo","BR",,"+55 19 98124-6011","Dentista","Clínica odontológica","Periodontia e implantes dentários","Cirurgião dentista","Serviço de clareamento dental",,,,,,"https://www.google.com/maps/search/?api=1&query=Dr.%20Gustavo%20Quesada%20%7C%20Dentista%20Em%20Campinas%20-%20SP&query_place_id=ChIJ3yay92THyJQR0zLUSNhWzqs","Dentista"
"Dr Brenno Brandão - Dentista Campinas","5","5","R. Itália, 603","Campinas","São Paulo","BR","https://api.whatsapp.com/send/?phone=5519996604304&text=Ol%C3%A1,+vim+pelo+Google+e+gostaria+de+cuidar+da+minha+sa%C3%BAde+bucal&type=phone_number&app_absent=0","+55 19 99660-4304","Dentista","Clínica odontológica","Cirurgião dentista",,,,,,,,"https://www.google.com/maps/search/?api=1&query=Dr%20Brenno%20Brand%C3%A3o%20-%20Dentista%20Campinas&query_place_id=ChIJETSxTp3HyJQR-gGcaVTdNMo","Dentista"
"Gabriela Martelli Cirurgiã Dentista","5","18","R. Mogi Guaçu, 403","Campinas","São Paulo","BR","http://www.gabrielamartelli.com.br/canal","+55 19 99710-1155","Cirurgião dentista",,,,,,,,,,"https://www.google.com/maps/search/?api=1&query=Gabriela%20Martelli%20Cirurgi%C3%A3%20Dentista&query_place_id=ChIJR-Y5-T7PyJQRaNpFCr6csDo","Cirurgião dentista"
"Dr Guilherme Bezerra - Dentista","5","19","Av. Francisco José de Camargo Andrade, 407 - Sala 1","Campinas","São Paulo","BR","https://drguilhermebezerradentista.base44.app/","+55 19 99622-3816","Cirurgião dentista",,,,,,,,,,"https://www.google.com/maps/search/?api=1&query=Dr%20Guilherme%20Bezerra%20-%20Dentista&query_place_id=ChIJ76GQjkW290cRnr6Vkxt4leo","Cirurgião dentista"
"Dentista - Consultório Doutora Ruthnéia C. Louzada",,,"Av. Ruy Rodriguez, 1392","Campinas","São Paulo","BR","http://www.facebook.com/viasorriso","+55 19 3029-9767","Cirurgião dentista",,,,,,,,,,"https://www.google.com/maps/search/?api=1&query=Dentista%20-%20Consult%C3%B3rio%20Doutora%20Ruthn%C3%A9ia%20C.%20Louzada&query_place_id=ChIJDQk6qE3IyJQRIkT7SoSSlDM","Cirurgião dentista"
"Dra. Tarsilla Prestes - Clínica RW Odontologia | Dentista","5","23","R. Cônego Nery, 477","Campinas","São Paulo","BR","https://wa.me/5519992144772/?text=Ol%C3%A1!+vi+voc%C3%AAs+no+Google+e+quero+mais+informa%C3%A7%C3%B5es+sobre+a+cl%C3%ADnica!","+55 19 99214-4772","Dentista","Clínica odontológica","Periodontia e implantes dentários","Ortodontista","Odontopediatra",,,,,,"https://www.google.com/maps/search/?api=1&query=Dra.%20Tarsilla%20Prestes%20-%20Cl%C3%ADnica%20RW%20Odontologia%20%7C%20Dentista&query_place_id=ChIJr0OoiJ3HyJQRjljorwo_rPw","Dentista"
"Dentista Dra. Camille Marques","5","20","R. Jorge de Figueiredo Corrêa, 1323","Campinas","São Paulo","BR",,"+55 19 98852-2061","Dentista","Cirurgião dentista","Ortodontista",,,,,,,,"https://www.google.com/maps/search/?api=1&query=Dentista%20Dra.%20Camille%20Marques&query_place_id=ChIJM5gwiK7FyJQRpx6kHTREpUQ","Dentista"
"Dra Malu Franco Odondologia | Dentista em Campinas","5","44","Av. José de Sousa Campos, 1073 - Sala 1109","Campinas","São Paulo","BR","http://www.dramalufranco.com.br/","+55 19 97412-8711","Dentista","Clínica odontológica","Clínica de implante dentário","Ortodontista","Periodontista",,,,,,"https://www.google.com/maps/search/?api=1&query=Dra%20Malu%20Franco%20Odondologia%20%7C%20Dentista%20em%20Campinas&query_place_id=ChIJUzxvJU7PyJQR-WVIZVFIN5Y","Dentista"
"Dra. Jaqueline Fulan Ribeiro - Dentista","5","24","R. Dr. Barros Monteiro, 261","Campinas","São Paulo","BR",,"+55 19 99185-6021","Dentista",,,,,,,,,,"https://www.google.com/maps/search/?api=1&query=Dra.%20Jaqueline%20Fulan%20Ribeiro%20-%20Dentista&query_place_id=ChIJG02vGgzHyJQRyyetweLBwZs","Dentista"
"Dentista/Consultório Odontológico Dra Marcelle Chavão","5","3","Av. Barão de Itapura, 1518 - sala 907","Campinas","São Paulo","BR","https://dramarcellechavao.com.br/","+55 19 99291-0352","Dentista","Clínica odontológica","Periodontia e implantes dentários","Clínica de implante dentário","Cirurgião dentista","Ortodontista",,,,,"https://www.google.com/maps/search/?api=1&query=Dentista%2FConsult%C3%B3rio%20Odontol%C3%B3gico%20Dra%20Marcelle%20Chav%C3%A3o&query_place_id=ChIJ59F4-yPJyJQRyL_04Gqplxk","Dentista"
"Dra. Mariana Gorayb | Odontologia infantil, dentista oncologista, laserterapia e tratamento para maxilares.","5","51","Av: Andrade Neves, 2412 - sala 53","Campinas","São Paulo","BR",,"+55 19 98759-7777","Odontopediatra","Clínica odontológica","Dentista","Endodontista","Ortodontista",,,,,,"https://www.google.com/maps/search/?api=1&query=Dra.%20Mariana%20Gorayb%20%7C%20Odontologia%20infantil%2C%20dentista%20oncologista%2C%20laserterapia%20e%20tratamento%20para%20maxilares.&query_place_id=ChIJk_tpcW7HyJQRIl_VvEEMIXA","Odontopediatra"
"Dentista Dra Thaís Lopes do Lago - Invisalign Doctor","5","42","R. Camargo Paes, 274","Campinas","São Paulo","BR","https://megalink.click/dentista-dra-thais-lopes-do-lago/","+55 19 98151-9452","Dentista","Escritório da empresa","Clínica odontológica","Ortodontista","Odontopediatra","Serviço de clareamento dental",,,,,"https://www.google.com/maps/search/?api=1&query=Dentista%20Dra%20Tha%C3%ADs%20Lopes%20do%20Lago%20-%20Invisalign%20Doctor&query_place_id=ChIJFyXi_oLJyJQRgXcahRSA1Dw","Dentista"
"Dra. Laura Zanini - Cirurgiã Dentista","5","17","Av. Dr. Jesuíno Marcondes Machado, 2421","Campinas","São Paulo","BR",,"+55 16 98161-8218","Cirurgião dentista",,,,,,,,,,"https://www.google.com/maps/search/?api=1&query=Dra.%20Laura%20Zanini%20-%20Cirurgi%C3%A3%20Dentista&query_place_id=ChIJ8d7ef4vPyJQR6KpeNrAcssw","Cirurgião dentista"
"Lumina dentista","5","4","Av. Jorge Tibiriçá, 1580","Campinas","São Paulo","BR",,"+55 19 3279-1420","Dentista",,,,,,,,,,"https://www.google.com/maps/search/?api=1&query=Lumina%20dentista&query_place_id=ChIJX4MivgfPyJQR4nK3SVQmAD0","Dentista"
"Martinelli Odontologia Especializada","4.9","58",,,,,,"(19) 99985-1595","Clínica odontológica",,,,,,,,,,"https://www.google.com/maps/place/Martinelli Odontologia Especializada/@-22.893969,-47.054235,14z/data=!3m1!4b1!4m9!3m8!5m2!4m1!1i2!8m2!3d-22.893969!4d-47.054235!16snull!17Bnull","Clínica odontológica"
"Odonthos Odontologia Integrada","4.9","89","R. Eduardo Lane, 36","Campinas","São Paulo","BR","http://www.odonthos.com.br/","+55 19 98124-8789","Clínica odontológica",,,,,,,,,,"https://www.google.com/maps/search/?api=1&query=Odonthos%20Odontologia%20Integrada&query_place_id=ChIJczw4JHPOyJQRA3Uk5JiCTEE","Clínica odontológica"
"Clínica Sorriu","5","115","Av. Baden Powell, 2026","Campinas","São Paulo","BR","https://clinicasorriu.com.br/","+55 19 99686-7771","Dentista",,,,,,,,,,"https://www.google.com/maps/search/?api=1&query=Cl%C3%ADnica%20Sorriu&query_place_id=ChIJv3sqNzbPyJQRmT6LeJp4SBM","Dentista"
"Clínica Drª Ana Celidonio","5","58","Av. Dr. Heitor Penteado, 1770 - 1770","Campinas","São Paulo","BR","https://anacelidonio.com/","+55 19 97122-1613","Dentista","Dentista cosmético","Clínica odontológica","Endodontista","Cirurgião dentista","Ortodontista","Periodontista","Serviço de clareamento dental",,,"https://www.google.com/maps/search/?api=1&query=Cl%C3%ADnica%20Dr%C2%AA%20Ana%20Celidonio&query_place_id=ChIJndlkljjPyJQR7dmCdRaAxtg","Dentista"
"Oral Corp - Clinicas Odontológicas (UNIDADE 2)","4.6","265","Av. Francisco Glicério, 669","Campinas","São Paulo","BR","https://oralcorp.com.br/","+55 19 3388-3128","Clínica odontológica",,,,,,,,,,"https://www.google.com/maps/search/?api=1&query=Oral%20Corp%20-%20Clinicas%20Odontol%C3%B3gicas%20(UNIDADE%202)&query_place_id=ChIJLTz00ujPyJQReF30KBJQ08k","Clínica odontológica"
"COS - Centro Odontológico Sousas - Implante Protocolo Em 12 Horas","4.1","51","Rua Barão Geraldo de Rezende, 282 - 1 andar cj 13","Campinas","São Paulo","BR","http://www.coscampinas.com.br/","+55 19 3232-8554","Dentista","Periodontia e implantes dentários","Clínica odontológica","Cirurgião dentista",,,,,,,"https://www.google.com/maps/search/?api=1&query=COS%20-%20Centro%20Odontol%C3%B3gico%20Sousas%20-%20Implante%20Protocolo%20Em%2012%20Horas&query_place_id=ChIJxbn5IBbQyJQRk_xAMp_ceRI","Dentista"
"Clínica Dentária Fernandes","4","37","Av. Dr. Arthur L. de Barros Jr., 310","Campinas","São Paulo","BR",,"+55 19 3227-1566","Dentista","Clínica odontológica","Periodontia e implantes dentários","Cirurgião dentista","Ortodontista",,,,,,"https://www.google.com/maps/search/?api=1&query=Cl%C3%ADnica%20Dent%C3%A1ria%20Fernandes&query_place_id=ChIJ6aYV9fnIyJQRYwvcdaC1LOM","Dentista"
"Consultório Odontológico","4.8","39","Edifício Círcolo Médico - Rua Duque de Caxias, 780 - Sala 62","Campinas","São Paulo","BR",,"+55 19 3234-0083","Cirurgião dentista",,,,,,,,,,"https://www.google.com/maps/search/?api=1&query=Consult%C3%B3rio%20Odontol%C3%B3gico&query_place_id=ChIJN7ieZzbPyJQRBCtVp0Isl44","Cirurgião dentista"
"Asense Odontologia","5","504","Av. Esther Moretzshon Camargo, 1040","Campinas","São Paulo","BR","https://asenseodontologia.com/","+55 19 3326-1406","Dentista","Dentista cosmético","Clínica odontológica","Periodontia e implantes dentários","Cirurgião dentista","Ortodontista",,,,,"https://www.google.com/maps/search/?api=1&query=Asense%20Odontologia&query_place_id=ChIJnaCYKKPFyJQRpOwqBukting","Dentista"
"Clínica Inovatte Odontologia - Implante Dentário, Aparelho Ortodôntico e Invisalign","4.9","545","Av. Suaçuna, 723","Campinas","São Paulo","BR","https://inovatteodontologia.com.br/","+55 19 97600-4149","Dentista","Dentista cosmético","Clínica odontológica","Clínica de implante dentário","Ortodontista",,,,,,"https://www.google.com/maps/search/?api=1&query=Cl%C3%ADnica%20Inovatte%20Odontologia%20-%20Implante%20Dent%C3%A1rio%2C%20Aparelho%20Ortod%C3%B4ntico%20e%20Invisalign&query_place_id=ChIJY5edA93JyJQRmP-Zdu-Rc0I","Dentista"
"Clínica Médica e Odontológica Meubelo","4.8","77","R. Leonice Aparecida Oliveira da Silva, 49","Campinas","São Paulo","BR","https://meubelo.com.br/","+55 19 97129-2220","Dentista","Médico",,,,,,,,,"https://www.google.com/maps/search/?api=1&query=Cl%C3%ADnica%20M%C3%A9dica%20e%20Odontol%C3%B3gica%20Meubelo&query_place_id=ChIJRd_OK4zLyJQRju0t90tJ-ZI","Dentista"
"Dra Mariana Mazzolani","4.9","56","Av. Dermival Bernardes Siqueira, 2904 - SL 2","Campinas","São Paulo","BR","http://amyoclinic.com.br/","+55 19 99109-1330","Dentista","Cirurgião dentista","Ortodontista",,,,,,,,"https://www.google.com/maps/search/?api=1&query=Dra%20Mariana%20Mazzolani&query_place_id=ChIJz8zYLVHPyJQROx_pM85acZo","Dentista"
"Soares & Faria Odontologia","5","161","Av. Arymana, 1431","Campinas","São Paulo","BR","https://www.facebook.com/soaresfariaa.odontologia","+55 19 99563-2393","Dentista",,,,,,,,,,"https://www.google.com/maps/search/?api=1&query=Soares%20%26%20Faria%20Odontologia&query_place_id=ChIJT0n1QEC3yJQR-OsaBcI4wOY","Dentista"
"Odontoclinic","4.9","447","Av. Suaçuna, 624","Campinas","São Paulo","BR","https://odontoclinicouroverde.com.br/","+55 19 3766-7001","Dentista","Clínica odontológica","Clínica de implante dentário","Ortodontista",,,,,,,"https://www.google.com/maps/search/?api=1&query=Odontoclinic&query_place_id=ChIJK-jqQ9nJyJQRnw3HZ2iVGSw","Dentista"
"Clinica Odontologica Arymana","5","41","Av. Arymana, 641","Campinas","São Paulo","BR",,"+55 19 99313-7304","Dentista","Clínica odontológica",,,,,,,,,"https://www.google.com/maps/search/?api=1&query=Clinica%20Odontologica%20Arymana&query_place_id=ChIJm_SBYSO2yJQRuJ1Ie61urLg","Dentista"
"Odonto Excellence","4.9","495","R. José Zancheta, 73","Campinas","São Paulo","BR",,"+55 19 99940-5084","Dentista","Clínica odontológica","Cirurgião dentista","Odontopediatra",,,,,,,"https://www.google.com/maps/search/?api=1&query=Odonto%20Excellence&query_place_id=ChIJWTLvlFq3yJQRA5KEjI09A6c","Dentista"
"Dra Vitória Prado Odontologia","5","243","Av. Itamarati, 457","Campinas","São Paulo","BR","https://www.instagram.com/dravitoriaprado/","+55 19 98945-5636","Dentista",,,,,,,,,,"https://www.google.com/maps/search/?api=1&query=Dra%20Vit%C3%B3ria%20Prado%20Odontologia&query_place_id=ChIJw0Ib4J_JyJQR1p3M1sisb8M","Dentista"
"Elegance Sorriso","5","228","Av. Jacaúna, 1388","Campinas","São Paulo","BR","https://wa.me/5519996537758?text=Ol%C3%A1%2C%20vim%20pelo%20Google%20e%20gostaria%20de%20tirar%20d%C3%BAvidas.","+55 19 99653-7758","Clínica odontológica","Periodontia e implantes dentários","Clínica de implante dentário","Radiologia odontológica","Endodontista","Clínico geral","Ortodontista","Laboratório de prótese e órtese","Serviço de clareamento dental",,"https://www.google.com/maps/search/?api=1&query=Elegance%20Sorriso&query_place_id=ChIJS59RpMzJyJQRRKl_jIMvDC0","Clínica odontológica"
"Dra Camila Roberta","4.7","246","Av. Suaçuna, 666","Campinas","São Paulo","BR","https://wa.me/5519995541102","+55 19 3224-6258","Cirurgião dentista",,,,,,,,,,"https://www.google.com/maps/search/?api=1&query=Dra%20Camila%20Roberta&query_place_id=ChIJ5X1bEN3JyJQRy2yrUsyp-pg","Cirurgião dentista"
"Bertoldo Odontologia","4.9","344","R. Olídio Paes, 69","Campinas","São Paulo","BR",,"+55 19 99129-4186","Dentista",,,,,,,,,,"https://www.google.com/maps/search/?api=1&query=Bertoldo%20Odontologia&query_place_id=ChIJk07oUpnJyJQRPLe8A76rV4E","Dentista"
"Dr Eduardo Henrique Odontologia","4.9","29","R. Itapura, 338","Campinas","São Paulo","BR",,"+55 19 99715-2015","Dentista",,,,,,,,,,"https://www.google.com/maps/search/?api=1&query=Dr%20Eduardo%20Henrique%20Odontologia&query_place_id=ChIJ26O2U-jJyJQRKvAv7_BPUYI","Dentista"
"Clinica Sorriso Odonto","5","324","Av: Suaçuna, 244","Campinas","São Paulo","BR","https://clinicassorrisoodonto.com.br/","+55 19 99775-5688","Dentista","Dentista cosmético","Clínica odontológica","Periodontia e implantes dentários","Clínica de implante dentário","Cirurgião dentista","Centro de cuidados com dentaduras","Serviço dentário de emergência","Periodontista","Serviço de clareamento dental","https://www.google.com/maps/search/?api=1&query=Clinica%20Sorriso%20Odonto&query_place_id=ChIJV9G3nhPJyJQRQblI_TEOo-Y","Dentista"
"ORAL SIN IMPLANTES","4.9","486","Av. Suaçuna, 169","Campinas","São Paulo","BR","https://oralsincampinasouroverde.com.br/","+55 19 3266-9944","Dentista","Periodontia e implantes dentários","Clínica de implante dentário","Cirurgião dentista","Ortodontista","Periodontista","Serviço de clareamento dental",,,,"https://www.google.com/maps/search/?api=1&query=ORAL%20SIN%20IMPLANTES&query_place_id=ChIJK14whnfJyJQRaqABKWn2Hs4","Dentista"
"Dra Camila Marques | Implante dentário | Dente do Siso | Facetas em Resina | Dentista Ouro Verde | Dentista Campinas","5","93","Av. Pastor João Prata Vieira, 627","Campinas","São Paulo","BR","https://www.instagram.com/dracamilamarquesz","+55 19 99974-4928","Clínica odontológica","Clínica de implante dentário",,,,,,,,,"https://www.google.com/maps/search/?api=1&query=Dra%20Camila%20Marques%20%7C%20Implante%20dent%C3%A1rio%20%7C%20Dente%20do%20Siso%20%7C%20Facetas%20em%20Resina%20%7C%20Dentista%20Ouro%20Verde%20%7C%20Dentista%20Campinas&query_place_id=ChIJBYA6yKzJyJQRjv34Iaj2sTU","Clínica odontológica"
"Dentista - Dra. Elisangela Turato","5","3","Av. Coacyara, 657","Campinas","São Paulo","BR","https://www.instagram.com/dentistadraelisangelaturato/","+55 19 3226-2329","Dentista",,,,,,,,,,"https://www.google.com/maps/search/?api=1&query=Dentista%20-%20Dra.%20Elisangela%20Turato&query_place_id=ChIJNYsQ1SC2yJQRDCAj04RUrqg","Dentista"
"Odonto Fácil Excelência Acessível","4.8","299","Av. Arymana, 249","Campinas","São Paulo","BR","https://odontofacilacessivel.com/","+55 19 95327-5773","Dentista","Clínica odontológica","Periodontia e implantes dentários","Radiologia odontológica","Serviço dentário de emergência","Cirurgião dentista","Clínica de odontopediatria",,,,"https://www.google.com/maps/search/?api=1&query=Odonto%20F%C3%A1cil%20Excel%C3%AAncia%20Acess%C3%ADvel&query_place_id=ChIJSzngCIS3yJQRYwwCkviznc4","Dentista"
"Consultório odontológico","5","2","Rua Olavo Barbosa de Oliveira, 450","Campinas","São Paulo","BR",,"+55 19 98151-1744","Dentista cosmético",,,,,,,,,,"https://www.google.com/maps/search/?api=1&query=Consult%C3%B3rio%20odontol%C3%B3gico&query_place_id=ChIJV1XIyqnOyJQROO-I1Woqnq8","Dentista cosmético"
"Dentista - Odonto Excellence Campinas, Campo Belo","4.8","37","R. Erica de Andrade Silva, 184","Campinas","São Paulo","BR","https://www.instagram.com/odontoexcellencecampobelo/","+55 19 97428-7117","Dentista","Clínica odontológica","Cirurgião dentista","Clínica de odontopediatria",,,,,,,"https://www.google.com/maps/search/?api=1&query=Dentista%20-%20Odonto%20Excellence%20Campinas%2C%20Campo%20Belo&query_place_id=ChIJQ2IrqzPLyJQRigVce6ldfzE","Dentista"
"Dr. Marcelo Veloso","5","83","Ao lado da Academia Mutante - Av. Pastor João Prata Vieira, 455","Campinas","São Paulo","BR",,"+55 19 99778-8551","Dentista",,,,,,,,,,"https://www.google.com/maps/search/?api=1&query=Dr.%20Marcelo%20Veloso&query_place_id=ChIJeaMa7OHJyJQRD_wFdHKhjnY","Dentista"
"Dra. Anielle Nami | Odontologia","4.9","174","Av. José de Sousa Campos, 1073 - sala 1411","Campinas","São Paulo","BR",,"+55 19 99749-2135","Cirurgião dentista",,,,,,,,,,"https://www.google.com/maps/search/?api=1&query=Dra.%20Anielle%20Nami%20%7C%20Odontologia&query_place_id=ChIJ5yoiGwnGyJQRGNVSzM9YofI","Cirurgião dentista"
"Odontologia Integrada Signorelli","4","21","Rua Barão de Atibaia, 94","Campinas","São Paulo","BR","http://odontosignorelli.com.br/","+55 19 99712-2426","Clínica odontológica","Clínica de implante dentário","Serviço dentário de emergência","Pronto atendimento",,,,,,,"https://www.google.com/maps/search/?api=1&query=Odontologia%20Integrada%20Signorelli&query_place_id=ChIJ4QGRM6nIyJQRzkSHLIerVaY","Clínica odontológica"
"JLC ODONTOLOGIA","5","26","R. Dolor de Oliveira Barbosa, 275 - sala 5","Campinas","São Paulo","BR","https://instagram.com/jlc.odontologia?igshid=1gpfm46yh9am7","+55 19 99385-7635","Clínica odontológica",,,,,,,,,,"https://www.google.com/maps/search/?api=1&query=JLC%20ODONTOLOGIA&query_place_id=ChIJPRzwvZfPyJQRGumlLLPK-uA","Clínica odontológica"
"Odontologia Mazzo","5","1","R. dos Guainumbis, 758 - Sl. 5","Campinas","São Paulo","BR",,"+55 19 3307-1815","Clínica odontológica",,,,,,,,,,"https://www.google.com/maps/search/?api=1&query=Odontologia%20Mazzo&query_place_id=ChIJIb9vO33GyJQR4bcV4IFBnvI","Clínica odontológica"
"Odontoclinic - Taquaral","5","1086","Av. Nossa Sra. de Fátima, 627","Campinas","São Paulo","BR","https://odontocliniccampinas.com.br/","+55 19 99789-0309","Dentista","Dentista cosmético","Clínica odontológica","Clínica de implante dentário","Clínico geral","Cirurgião dentista","Ortodontista","Odontopediatra","Clínica de odontopediatria","Periodontista","https://www.google.com/maps/search/?api=1&query=Odontoclinic%20-%20Taquaral&query_place_id=ChIJdcIUbTfFyJQRqMsBltHquEA","Dentista"
"Dr. Caio Vinícius Signorelli Grohmann","5","68","R. Antônio Guimarães, 65","Campinas","São Paulo","BR",,"+55 19 99789-6252","Cirurgião dentista","Dentista",,,,,,,,,"https://www.google.com/maps/search/?api=1&query=Dr.%20Caio%20Vin%C3%ADcius%20Signorelli%20Grohmann&query_place_id=ChIJ__9gA6TIyJQR71TFDm3OEcA","Cirurgião dentista"
"VeraOdonto Odontologia Hospitalar Integrada","4.9","64","Av. Andrade Neves, 402","Campinas","São Paulo","BR","https://www.veraodonto.com.br/?utm_source=google&utm_medium=wix_google_business_profile&utm_campaign=15123560880283305887","+55 19 97408-1912","Clínica odontológica",,,,,,,,,,"https://www.google.com/maps/search/?api=1&query=VeraOdonto%20Odontologia%20Hospitalar%20Integrada&query_place_id=ChIJ_a5Vu8PJyJQRV8VcLFhPT1w","Clínica odontológica"
"Alinde Odontologia","5","99","R. Américo Brasiliense, 154","Campinas","São Paulo","BR","http://alindeodontologia.com.br/","+55 19 98872-2787","Clínica odontológica",,,,,,,,,,"https://www.google.com/maps/search/?api=1&query=Alinde%20Odontologia&query_place_id=ChIJ__8PLE7PyJQRWDt9xW0cYCA","Clínica odontológica"
"Daniel Pereira Odontologia","5","536","Condomínio DUE - Av. Mal. Rondon, 700 - Sala 203","Campinas","São Paulo","BR","http://danielpereiraodontologia.com.br/","+55 19 99818-1122","Dentista",,,,,,,,,,"https://www.google.com/maps/search/?api=1&query=Daniel%20Pereira%20Odontologia&query_place_id=ChIJ35PoYse3yJQR0EYAMK14FQ8","Dentista"
"Politano Odontologia | Odontopediatria em Campinas","4.9","480","R. Novo Horizonte, 586","Campinas","São Paulo","BR","https://politanoodontologia.com.br/","+55 19 3579-2904","Odontopediatra","Clínica odontológica","Clínica de odontopediatria",,,,,,,,"https://www.google.com/maps/search/?api=1&query=Politano%20Odontologia%20%7C%20Odontopediatria%20em%20Campinas&query_place_id=ChIJVUU5xFDPyJQR1IW6CQ-LDUo","Odontopediatra"
"Instituto Dentale","4.5","13","R. Gen. Osório, 1886 - Térreo","Campinas","São Paulo","BR","http://www.institutodentale.com.br/","+55 19 3237-3020","Clínica odontológica",,,,,,,,,,"https://www.google.com/maps/search/?api=1&query=Instituto%20Dentale&query_place_id=ChIJ8cBKXE3PyJQRgPRu7nYW44g","Clínica odontológica"
"Campos & Machado - Odontologia e Psicologia","5","5","Rua Frei Manoel da Ressurreição, 916 - 1º andar sala 03","Campinas","São Paulo","BR","https://victorcamposk10-coder.github.io/camposmachado/","+55 19 98115-5191","Dentista",,,,,,,,,,"https://www.google.com/maps/search/?api=1&query=Campos%20%26%20Machado%20-%20Odontologia%20e%20Psicologia&query_place_id=ChIJlxeUB9zHyJQRGKTVU9lKhyY","Dentista"
"Lumia Odontologia","5","13","R. Dr. Antônio Duarte da Conceição, 437-655 - Loja 009","Campinas","São Paulo","BR",,"+55 19 97812-9449","Clínica odontológica",,,,,,,,,,"https://www.google.com/maps/search/?api=1&query=Lumia%20Odontologia&query_place_id=ChIJ-fVNCkXFyJQRbVe04rIXTF4","Clínica odontológica"
"Odonto Castelo | Dentistas em Campinas | Consultório Odontológico | Dentistas","4.5","40","Av. Francisco José de Camargo Andrade, 407","Campinas","São Paulo","BR","http://clinicaodontocastelo.com.br/","+55 19 3722-2225","Dentista","Periodontia e implantes dentários","Endodontista","Ortodontista","Laboratório de prótese e órtese",,,,,,"https://www.google.com/maps/search/?api=1&query=Odonto%20Castelo%20%7C%20Dentistas%20em%20Campinas%20%7C%20Consult%C3%B3rio%20Odontol%C3%B3gico%20%7C%20Dentistas&query_place_id=ChIJEwQnli3HyJQRdwBBrvitnVY","Dentista"
"Clínica Odontológica Dra. Mirian Rodacki - São Bernardo","5","7","Rua Dr. Las Casas dos Santos,395 A Jd","Campinas","SP","BR","https://bit.ly/dramirianrodacki","+55 19 3272-9019","Dentista","Limpeza","Endodontista","Clínico geral","Ortodontista","Serviço de clareamento dental",,,,,"https://www.google.com/maps/search/?api=1&query=Cl%C3%ADnica%20Odontol%C3%B3gica%20Dra.%20Mirian%20Rodacki%20-%20S%C3%A3o%20Bernardo&query_place_id=ChIJPYcFdFrJyJQRVTIRTXc_AO4","Dentista"
"Clínica Odontológica Tavares Nogueira","4.8","25","Av. Jorge Tibiriçá, 1517","Campinas","São Paulo","BR",,"+55 19 98731-5171","Dentista",,,,,,,,,,"https://www.google.com/maps/search/?api=1&query=Cl%C3%ADnica%20Odontol%C3%B3gica%20Tavares%20Nogueira&query_place_id=ChIJMR4yCqDPyJQRhrKEVFBe7oY","Dentista"
"Sorrifácil Campinas - Implantes Dentários, Clareamento, lentes de contato, alinhador invisível e mais!","4.5","245","Av. Dr. Moraes Salles, 1317","Campinas","São Paulo","BR","https://sorrifacil.com.br/clinicas/campinas-especialidades/","+55 19 3305-0501","Clínica odontológica",,,,,,,,,,"https://www.google.com/maps/search/?api=1&query=Sorrif%C3%A1cil%20Campinas%20-%20Implantes%20Dent%C3%A1rios%2C%20Clareamento%2C%20lentes%20de%20contato%2C%20alinhador%20invis%C3%ADvel%20e%20mais!&query_place_id=ChIJhyyIac3PyJQR7y7ohOUh0ZE","Clínica odontológica"
"Clínica Odontológica","1","1","Av. José Bonifácio Coutinho Nogueira, 214","Campinas","São Paulo","BR","https://www.doctoralia.com.br/luiz-guilherme-villela/dentista/campinas?utm_source=google&utm_medium=gmb&utm_campaign=786677&utm_content=website","","Dentista",,,,,,,,,,"https://www.google.com/maps/search/?api=1&query=Cl%C3%ADnica%20Odontol%C3%B3gica&query_place_id=ChIJBRVfPEnJyJQRhHv64m91rYE","Dentista"
"Dra Patricia Almeida","5","21","R. Dr. Gastão Vidigal, 741","Campinas","São Paulo","BR",,"+55 19 3241-0707","Dentista","Clínica odontológica",,,,,,,,,"https://www.google.com/maps/search/?api=1&query=Dra%20Patricia%20Almeida&query_place_id=ChIJvf1_lpbJyJQRVK7PW2yNm8Y","Dentista"
"Ideal Clínica Odontológica","5","1","R. Conceição","Campinas","São Paulo","BR","https://reversoclinicaodontologica.com.br/","+55 19 97428-9513","Clínica odontológica",,,,,,,,,,"https://www.google.com/maps/search/?api=1&query=Ideal%20Cl%C3%ADnica%20Odontol%C3%B3gica&query_place_id=ChIJ4bchj-kzz5QRM92um2hj5dk","Clínica odontológica"
"Dra. Isabela Maciel | Clareamento dental, Restaurações, Tratamento de canal","5","28","R. Amélia Bueno, 168B","Campinas","São Paulo","BR","https://bio.site/isabelamacieldentista","+55 19 99647-0853","Dentista","Clínica odontológica","Endodontista","Cirurgião dentista","Ortodontista","Serviço de clareamento dental",,,,,"https://www.google.com/maps/search/?api=1&query=Dra.%20Isabela%20Maciel%20%7C%20Clareamento%20dental%2C%20Restaura%C3%A7%C3%B5es%2C%20Tratamento%20de%20canal&query_place_id=ChIJvdfW6ePFyJQRta_inqTBNss","Dentista"
"One Clinic","5","13","Av. José Bonifácio, 2407","Campinas","São Paulo","BR","http://www.oneclinic.com.br/","+55 19 98327-6859","Dentista","Clínica odontológica",,,,,,,,,"https://www.google.com/maps/search/?api=1&query=One%20Clinic&query_place_id=ChIJr4-EcG3PyJQRF4miocZYVA8","Dentista"
"Rocha&Rocha Clínica Odontológica","4.9","44","Rua Barão de Jaguara, 707 - sala 71","Campinas","São Paulo","BR",,"+55 19 3236-2019","Clínica odontológica",,,,,,,,,,"https://www.google.com/maps/search/?api=1&query=Rocha%26Rocha%20Cl%C3%ADnica%20Odontol%C3%B3gica&query_place_id=ChIJxfB1v-bPyJQRkj6BxtR_Q0w","Clínica odontológica"
"Clínica Roxo Odontologia","4.6","30","Av. Esther Moretzshon Camargo, 598","Campinas","São Paulo","BR","http://www.clinicaroxo.com.br/","+55 19 97404-0500","Dentista","Clínica odontológica","Periodontia e implantes dentários","Cirurgião dentista",,,,,,,"https://www.google.com/maps/search/?api=1&query=Cl%C3%ADnica%20Roxo%20Odontologia&query_place_id=ChIJe5mwvcjFyJQRFloFNBBnRKY","Dentista"
"Clínica de Ortodontia Campinas","5","2","Av. Francisco Glicério, 957","Campinas","São Paulo","BR",,"+55 19 2511-4100","Clínica odontológica",,,,,,,,,,"https://www.google.com/maps/search/?api=1&query=Cl%C3%ADnica%20de%20Ortodontia%20Campinas&query_place_id=ChIJXUJXw7TIyJQROIdaCQsuYIg","Clínica odontológica"
"Qualis Clínica Odontológica","4.8","52","Av. Dr. Heitor Penteado, 420","Campinas","São Paulo","BR","https://clinicaqualis.com.br/","+55 19 3241-6847","Dentista","Clínica odontológica","Cirurgião dentista","Ortodontista","Odontopediatra","Clínica de odontopediatria","Periodontista",,,,"https://www.google.com/maps/search/?api=1&query=Qualis%20Cl%C3%ADnica%20Odontol%C3%B3gica&query_place_id=ChIJgy735AjGyJQRFAUV2vw7Ozk","Dentista"
"Smile Center Campinas Clínica Odontológica","4.2","34","esquina com - Rua Carlos Gerin, R. Dr. Miguel Penteado, 07","Campinas","SP","BR","https://smilecampinas.com.br/","+55 19 3241-1840","Clínica odontológica","Dentista cosmético","Periodontia e implantes dentários","Centro de cuidados com dentaduras","Cirurgião dentista","Serviço de clareamento dental",,,,,"https://www.google.com/maps/search/?api=1&query=Smile%20Center%20Campinas%20Cl%C3%ADnica%20Odontol%C3%B3gica&query_place_id=ChIJp1ChRyDGyJQRUaij6UaUrOY","Clínica odontológica"
"Dra Sandra Dentista Pacientes Especiais","5","61","R. Dr. Emílio Ribas, 765","Campinas","São Paulo","BR","https://drasandrabecerra.lovable.app/","+55 19 98395-7796","Dentista","Cirurgião dentista",,,,,,,,,"https://www.google.com/maps/search/?api=1&query=Dra%20Sandra%20Dentista%20Pacientes%20Especiais&query_place_id=ChIJv-8CHdPHyJQRrIYij8zZU3A","Dentista"
"Clínica Odontológica OralEssence","4.9","211","R. Angatuba, 55","Campinas","São Paulo","BR","https://clinicaoralessence.com.br/","+55 19 99150-1769","Clínica odontológica",,,,,,,,,,"https://www.google.com/maps/search/?api=1&query=Cl%C3%ADnica%20Odontol%C3%B3gica%20OralEssence&query_place_id=ChIJJ52Z3GTPyJQRxtqPwzj3lLg","Clínica odontológica"
"Odontoclinic - Campinas Guanabara","4.2","81","R. Santo Antônio Claret, 242","Campinas","São Paulo","BR","https://odontoclinic.com.br/unidade/campinas-guanabara","+55 19 3741-7000","Dentista",,,,,,,,,,"https://www.google.com/maps/search/?api=1&query=Odontoclinic%20-%20Campinas%20Guanabara&query_place_id=ChIJAWTfZBrGyJQRfXlHFKQbYfQ","Dentista"
"Clínica Proença Odontologia","5","2","R. Frei José do Monte Carmelo, 552","Campinas","São Paulo","BR",,"+55 19 99209-2317","Clínica odontológica",,,,,,,,,,"https://www.google.com/maps/search/?api=1&query=Cl%C3%ADnica%20Proen%C3%A7a%20Odontologia&query_place_id=ChIJ_VTmqSXPyJQRq8TRBybs0DM","Clínica odontológica"
"Clínica Odontológica Renato Simões Angelo","5","2","Av. João Batista Morato do Canto, 1855","Campinas","São Paulo","BR",,"+55 19 3272-0468","Dentista",,,,,,,,,,"https://www.google.com/maps/search/?api=1&query=Cl%C3%ADnica%20Odontol%C3%B3gica%20Renato%20Sim%C3%B5es%20Angelo&query_place_id=ChIJCxldSI3IyJQRwgSZyAP0DNM","Dentista"
"Clínica Odontológica - Dra. Cintia Bertoli","5","36","R. Oriente, 55 - Sala 1306","Campinas","São Paulo","BR",,"+55 19 3233-7730","Dentista","Clínica odontológica",,,,,,,,,"https://www.google.com/maps/search/?api=1&query=Cl%C3%ADnica%20Odontol%C3%B3gica%20-%20Dra.%20Cintia%20Bertoli&query_place_id=ChIJeeZy7sLJyJQRql-rCrEbHKY","Dentista"
"Fiore Odontologia","4.7","95","R. Dolor de Oliveira Barbosa, 275 - sala 12","Campinas","São Paulo","BR",,"+55 19 3579-1800","Clínica odontológica",,,,,,,,,,"https://www.google.com/maps/search/?api=1&query=Fiore%20Odontologia&query_place_id=ChIJAQAQLUrPyJQRx__ulammCRs","Clínica odontológica"
"Sculpere Clínica Odontológica","4.8","93","Rua Augusto César de Andrade, 1534 | CEP: 13092-117","Campinas","SP","BR","http://www.sculpere.com.br/","+55 19 98255-5790","Dentista","Periodontia e implantes dentários","Clínica odontológica",,,,,,,,"https://www.google.com/maps/search/?api=1&query=Sculpere%20Cl%C3%ADnica%20Odontol%C3%B3gica&query_place_id=ChIJF6p-ZiTPyJQRQhY4RZWdIV0","Dentista"
"Revívity Odontologia","4.9","178","R. João Guimarães Bahia, 57","Campinas","São Paulo","BR","https://revivityodontologia.com.br/","+55 19 99622-5335","Dentista","Dentista cosmético","Periodontia e implantes dentários","Clínica odontológica","Clínico geral","Cirurgião dentista","Ortodontista","Periodontista",,,"https://www.google.com/maps/search/?api=1&query=Rev%C3%ADvity%20Odontologia&query_place_id=ChIJp8g32KzJyJQR4SJFLb-GaC8","Dentista"
"AC Odontologia Campinas","5","23","R. Sebastião de Souza, 205","Campinas","São Paulo","BR","https://instagram.com/acodontointegrada?igshid=YmMyMTA2M2Y=","+55 19 98390-3452","Clínica odontológica",,,,,,,,,,"https://www.google.com/maps/search/?api=1&query=AC%20Odontologia%20Campinas&query_place_id=ChIJE39JKpbJyJQRvmNVBbRJ9Po","Clínica odontológica"
"NEO - Núcleo Especializado em Odontologia","4.4","56","R. Antônio Guimarães, 65","Campinas","São Paulo","BR",,"+55 19 99236-4004","Serviço dentário de emergência","Clínica odontológica","Dentista",,,,,,,,"https://www.google.com/maps/search/?api=1&query=NEO%20-%20N%C3%BAcleo%20Especializado%20em%20Odontologia&query_place_id=ChIJs5OuA6TIyJQRghgRDu3KP6Y","Serviço dentário de emergência"
"Odontologia Salioni","4.6","10","Av. Dr. Hermas Braga, 563","Campinas","São Paulo","BR","http://www.odontologiasalioni.com.br/","+55 19 3386-0000","Dentista",,,,,,,,,,"https://www.google.com/maps/search/?api=1&query=Odontologia%20Salioni&query_place_id=ChIJodWSEU_PyJQR1G-yKo4xYk8","Dentista"
"Odontologia Garbin","4.9","103","Av. Francisco Glicério, 833","Campinas","São Paulo","BR",,"+55 19 98927-5875","Cirurgião dentista","Clínico geral",,,,,,,,,"https://www.google.com/maps/search/?api=1&query=Odontologia%20Garbin&query_place_id=ChIJdfPN8ALJyJQRS6suZ6x2Idw","Cirurgião dentista"
"Instituto Di Castro - Odontologia","5","651","Rua Barão de Atibaia, 613","Campinas","São Paulo","BR","http://www.institutodicastro.com.br/","+55 19 99143-3555","Dentista",,,,,,,,,,"https://www.google.com/maps/search/?api=1&query=Instituto%20Di%20Castro%20-%20Odontologia&query_place_id=ChIJG2zpOOrPyJQRWsNakflOFuE","Dentista"
"Nardi Odontologia","5","45","Av. Dr. Heitor Penteado, 1320","Campinas","São Paulo","BR","http://www.nardiodontologia.com.br/","","Clínica odontológica",,,,,,,,,,"https://www.google.com/maps/search/?api=1&query=Nardi%20Odontologia&query_place_id=ChIJ-WOWvq_FyJQRlUUinzE8kFo","Clínica odontológica"
"Odonto Care","5","39","Av. Anchieta, 173 - 8° Andar, sala 82","Campinas","São Paulo","BR","http://www.odontocarecps.com.br/","+55 19 2511-3390","Periodontia e implantes dentários",,,,,,,,,,"https://www.google.com/maps/search/?api=1&query=Odonto%20Care&query_place_id=ChIJBbETJXTPyJQRYvjp-ZJe34A","Periodontia e implantes dentários"
"OPE - Odontologia Pediátrica e Especial","5","6","R. Dr. Guilherme da Silva, 450","Campinas","São Paulo","BR",,"+55 11 97700-6221","Clínica odontológica",,,,,,,,,,"https://www.google.com/maps/search/?api=1&query=OPE%20-%20Odontologia%20Pedi%C3%A1trica%20e%20Especial&query_place_id=ChIJR-Bp7D3PyJQRiKTFLBoKh7U","Clínica odontológica"
"Human Odontologia","4.8","109","R. Paula Bueno, 497","Campinas","São Paulo","BR","http://www.humanodontologia.com.br/","+55 19 99613-0222","Clínica odontológica","Dentista cosmético","Periodontia e implantes dentários","Clínica de implante dentário","Dentista","Cirurgião dentista","Ortodontista","Odontopediatra","Clínica de odontopediatria","Periodontista","https://www.google.com/maps/search/?api=1&query=Human%20Odontologia&query_place_id=ChIJY4-jUP7FyJQRErMhfpeGTj8","Clínica odontológica"
"Integrato Odontologia","4.9","41","R. Bernardo de Souza Campos, 236","Campinas","São Paulo","BR",,"+55 19 98946-9547","Clínica odontológica","Dentista",,,,,,,,,"https://www.google.com/maps/search/?api=1&query=Integrato%20Odontologia&query_place_id=ChIJiZULEyzPyJQRTVR8AAwycFU","Clínica odontológica"
"UNA Odontologia | ortodontia, cirurgia dentária, implantes, harmonização facial e Odontopediatria","4.9","128","R. Barata Ribeiro, 552 - conj 51","Campinas","São Paulo","BR",,"+55 19 99259-7314","Clínica odontológica","Dentista","Cirurgião dentista","Ortodontista","Odontopediatra",,,,,,"https://www.google.com/maps/search/?api=1&query=UNA%20Odontologia%20%7C%20ortodontia%2C%20cirurgia%20dent%C3%A1ria%2C%20implantes%2C%20harmoniza%C3%A7%C3%A3o%20facial%20e%20Odontopediatria&query_place_id=ChIJwXPyra7IyJQR30D9quRbgjA","Clínica odontológica"
"Sorriso do povo odontologia Campinas","4.1","50","Av. Francisco Glicério, 1038","Campinas","São Paulo","BR",,"+55 19 3199-4283","Laboratório de odontologia",,,,,,,,,,"https://www.google.com/maps/search/?api=1&query=Sorriso%20do%20povo%20odontologia%20Campinas&query_place_id=ChIJqTaQB4XJyJQRrRzc2DcYZfI","Laboratório de odontologia"
"Sorrir Bem Odontologia","4.8","26","R. Anaje, 516","Campinas","São Paulo","BR",,"+55 19 99892-3988","Dentista",,,,,,,,,,"https://www.google.com/maps/search/?api=1&query=Sorrir%20Bem%20Odontologia&query_place_id=ChIJWab5xAW3yJQR9HDaTVVx1Hk","Dentista"
"Campos Odontologia Estética","5","28","Av. Fernando Paolieri, 1049","Campinas","São Paulo","BR","https://www.instagram.com/clinica_camposodontologia/","+55 19 99414-3987","Dentista","Cirurgião dentista",,,,,,,,,"https://www.google.com/maps/search/?api=1&query=Campos%20Odontologia%20Est%C3%A9tica&query_place_id=ChIJ7X8S_WjJyJQRWbofIft0YbI","Dentista"
"Swiss Odonto Prime","5","14","Av. Francisco Alfredo Júnior, 569","Campinas","São Paulo","BR","http://swissodontoprime.com/","+55 19 3291-2708","Clínica odontológica",,,,,,,,,,"https://www.google.com/maps/search/?api=1&query=Swiss%20Odonto%20Prime&query_place_id=ChIJiySxoFHJyJQR1mzd8MBrEtc","Clínica odontológica"
"Dra. Bruna Siqueira - Harmonização Facial | Botox | Preenchimento Labial | Odontologia CROSP: 143648","5","86","Av. Francisco Alfredo Júnior, 557 - sala 2","Campinas","São Paulo","BR","http://drabrunasiqueira.com.br/","+55 19 97147-4777","Dentista","Clínica odontológica",,,,,,,,,"https://www.google.com/maps/search/?api=1&query=Dra.%20Bruna%20Siqueira%20-%20Harmoniza%C3%A7%C3%A3o%20Facial%20%7C%20Botox%20%7C%20Preenchimento%20Labial%20%7C%20Odontologia%20CROSP%3A%20143648&query_place_id=ChIJnzmOaQvGyJQRd1lGH_WFP2Q","Dentista"
"Clínica Odontológica Dra Beatriz Duarte","5","66","Rua Regente Feijó, 712 - sala 24","Campinas","São Paulo","BR",,"+55 19 99974-4795","Dentista","Dentista cosmético","Periodontia e implantes dentários","Clínica odontológica","Endodontista","Cirurgião dentista","Ortodontista","Odontopediatra","Clínica de odontopediatria","Periodontista","https://www.google.com/maps/search/?api=1&query=Cl%C3%ADnica%20Odontol%C3%B3gica%20Dra%20Beatriz%20Duarte&query_place_id=ChIJYz2T3tzPyJQRShTh1s3Cpiw","Dentista"
"Clínica Odontológica Ortodontia Fagundes","3","2","R. Conceição, 233 - Sala 804","Campinas","São Paulo","BR",,"+55 19 97428-9513","Dentista",,,,,,,,,,"https://www.google.com/maps/search/?api=1&query=Cl%C3%ADnica%20Odontol%C3%B3gica%20Ortodontia%20Fagundes&query_place_id=ChIJpXSWUZTPyJQRSP53fvQcd98","Dentista"
"Clínica Camila Dutra","4.6","94","Clínica Camila Dutra - R. Cônego Nery, 477","Campinas","São Paulo","BR","https://www.clinicacamiladutra.com.br/","+55 19 3242-0181","Dentista","Dentista cosmético","Clínica odontológica","Periodontia e implantes dentários","Radiologia odontológica","Endodontista","Cirurgião dentista","Ortodontista","Odontopediatra","Periodontista","https://www.google.com/maps/search/?api=1&query=Cl%C3%ADnica%20Camila%20Dutra&query_place_id=ChIJ90xvQwfGyJQRqHPHJhgJ1Cg","Dentista"
"OrthoDontic Clinica Odontológica","3.5","20","Av. Francisco Glicério, 1424 - 10 andar","Campinas","São Paulo","BR","https://www.orthodonticbrasil.com.br/clinicas/campinas-286/","+55 19 2042-1607","Dentista","Periodontia e implantes dentários","Clínica odontológica","Endodontista","Ortodontista","Laboratório de prótese e órtese","Clínica especializada",,,,"https://www.google.com/maps/search/?api=1&query=OrthoDontic%20Clinica%20Odontol%C3%B3gica&query_place_id=ChIJ5eXAIPXPyJQR6k6RGa8aVRY","Dentista"
"Odontoclinic - Campinas Amoreiras","4.1","86","Av. das Amoreiras, 3130","Campinas","São Paulo","BR","https://odontoclinic.com.br/unidade/campinas-amoreiras","+55 19 3342-7000","Dentista",,,,,,,,,,"https://www.google.com/maps/search/?api=1&query=Odontoclinic%20-%20Campinas%20Amoreiras&query_place_id=ChIJf0bXIvvIyJQRD0Mz6FEK-y0","Dentista"
"Odontonoli","5","1","R. Cadete João Teixeira, 117","Campinas","São Paulo","BR","http://odontonoli.com.br/","+55 19 3243-8442","Clínica odontológica",,,,,,,,,,"https://www.google.com/maps/search/?api=1&query=Odontonoli&query_place_id=ChIJJ7cB6I_IyJQRRBPXPIp4JnQ","Clínica odontológica"
"RF Odontologia Especializada em Campinas","5","54","Jaraguá Office - R. Alberto Faria, 187 - Salas 10 e 11","Campinas","São Paulo","BR","https://rfodontologiaespecializada.com.br/","+55 19 99436-8678","Dentista","Clínica odontológica","Cirurgião dentista","Ortodontista","Serviço de clareamento dental",,,,,,"https://www.google.com/maps/search/?api=1&query=RF%20Odontologia%20Especializada%20em%20Campinas&query_place_id=ChIJ4SJGTSzHyJQRw6XBLUfWMEI","Dentista"
"OdontoFR","4.8","30","R. Dr. Gastão Vidigal, 741","Campinas","São Paulo","BR","https://www.instagram.com/odontofr/","+55 19 3241-0707","Dentista","Clínica odontológica",,,,,,,,,"https://www.google.com/maps/search/?api=1&query=OdontoFR&query_place_id=ChIJYXeJ0n_IyJQR4lFpYR6ne0U","Dentista"
"JGP Clínica Odontológica","4","84","Rua Silvio Rizzardo, 853","Campinas","São Paulo","BR","http://jgpodontologia.com.br/","+55 19 3307-9958","Clínica odontológica",,,,,,,,,,"https://www.google.com/maps/search/?api=1&query=JGP%20Cl%C3%ADnica%20Odontol%C3%B3gica&query_place_id=ChIJTZwbxF3IyJQRa9HOEKiC4g8","Clínica odontológica"
"Odontoplan odontologia planejada ltda","3.1","60","R. Talvino Egídio de Souza Aranha, 32","Campinas","São Paulo","BR","http://www.odontoplan.com.br/a-clinica/","+55 19 3275-1005","Dentista","Cirurgião dentista",,,,,,,,,"https://www.google.com/maps/search/?api=1&query=Odontoplan%20odontologia%20planejada%20ltda&query_place_id=ChIJ2Sa2xKXIyJQRwv5dqhooaoU","Dentista"
"Clínica Via Sorriso","5","1","The Mall - R. Rute Ferraz de Angelis, 886 - Sala 43","Campinas","São Paulo","BR",,"+55 19 3256-2936","Dentista",,,,,,,,,,"https://www.google.com/maps/search/?api=1&query=Cl%C3%ADnica%20Via%20Sorriso&query_place_id=ChIJfwtuiNbFyJQRXTy172U_Eck","Dentista"
"Inovar Odontologia","4.7","15","R. Rui Abádio Rodrigues, 249","Campinas","São Paulo","BR",,"+55 19 3223-9002","Clínica odontológica",,,,,,,,,,"https://www.google.com/maps/search/?api=1&query=Inovar%20Odontologia&query_place_id=ChIJs3tJvX3JyJQRJ9HEzk8u3xU","Clínica odontológica"
"ProDente Clinica Odontológica","5","32","Rua Silvio Rizzardo, 290","Campinas","São Paulo","BR","https://www.instagram.com/prodentecampinas","+55 19 3228-1748","Dentista","Clínica odontológica",,,,,,,,,"https://www.google.com/maps/search/?api=1&query=ProDente%20Clinica%20Odontol%C3%B3gica&query_place_id=ChIJXUcNlVjIyJQRGeS6zih_1nw","Dentista"
"Clínica Odontológica Jardim Do Lago","5","5","Av. Sen. Antônio Lacerda Franco, 1066","Campinas","São Paulo","BR",,"+55 19 3227-0451","Dentista",,,,,,,,,,"https://www.google.com/maps/search/?api=1&query=Cl%C3%ADnica%20Odontol%C3%B3gica%20Jardim%20Do%20Lago&query_place_id=ChIJDVk0Ff3IyJQR6dMLnmLTn9g","Dentista"
"Greghi Odontologia Especializada","4.7","148","Rua Professor Jorge Hennings, 313","Campinas","São Paulo","BR","http://www.greghiodontologia.com.br/","+55 19 3201-2661","Dentista","Clínica odontológica",,,,,,,,,"https://www.google.com/maps/search/?api=1&query=Greghi%20Odontologia%20Especializada&query_place_id=ChIJTSOOZB_GyJQRvVbNr8Ni_Lg","Dentista"
"Clínica Odontológica Sorriso Mania Campinas | Dentista em Campinas","4.4","37","R. Conceição, 02","Campinas","São Paulo","BR","https://clinicasorrisomania.com.br/","+55 19 99897-7761","Clínica odontológica","Periodontia e implantes dentários","Endodontista","Ortodontista","Odontopediatra",,,,,,"https://www.google.com/maps/search/?api=1&query=Cl%C3%ADnica%20Odontol%C3%B3gica%20Sorriso%20Mania%20Campinas%20%7C%20Dentista%20em%20Campinas&query_place_id=ChIJuxNcqRPPyJQRSpc2AmdP6XU","Clínica odontológica"
"Clínica Odontologia Integrativa Dra. Keila Paes","4.8","48","R. Ribeirão Branco, 673","Campinas","São Paulo","BR","https://bit.ly/drakeilapaes","+55 19 3272-2321","Dentista","Dentista cosmético","Clínica odontológica","Periodontia e implantes dentários","Clínica especializada","Cirurgião dentista","Odontopediatra",,,,"https://www.google.com/maps/search/?api=1&query=Cl%C3%ADnica%20Odontologia%20Integrativa%20Dra.%20Keila%20Paes&query_place_id=ChIJeyzRQu7JyJQRBSbmX-IuKwY","Dentista"
"Clínica Odontológica Sorriso Mania Campinas | Dentista","4.7","49","R. Bernardino de Campos, 716","Campinas","São Paulo","BR","https://clinicasorrisomania.com.br/","+55 19 99736-0018","Dentista","Periodontia e implantes dentários","Radiologia odontológica","Clínica odontológica","Endodontista","Ortodontista","Odontopediatra",,,,"https://www.google.com/maps/search/?api=1&query=Cl%C3%ADnica%20Odontol%C3%B3gica%20Sorriso%20Mania%20Campinas%20%7C%20Dentista&query_place_id=ChIJbVQN2sjJyJQRIwuFNvPOZl4","Dentista"
"Mavsa Clínica Odontologica Especializada em Campinas","5","117","Rua Barão de Jaguara, 1481 - 18° Andar/ sala 181","Campinas","São Paulo","BR","https://mavsaodontologia.com.br/","+55 19 99258-6963","Dentista","Clínica odontológica",,,,,,,,,"https://www.google.com/maps/search/?api=1&query=Mavsa%20Cl%C3%ADnica%20Odontologica%20Especializada%20em%20Campinas&query_place_id=ChIJje2A_LLIyJQRFYDsUbuRXCA","Dentista"
"Essencialle Clinica Odontológica Amoreiras Campinas - Implantes","5","89","Av. das Amoreiras, 3168","Campinas","São Paulo","BR","https://www.sorrisonovoem72horas.com.br/","+55 19 98977-0847","Dentista","Dentista cosmético","Periodontia e implantes dentários","Radiologia odontológica","Clínica odontológica","Centro de cuidados com dentaduras","Cirurgião dentista","Ortodontista","Serviço de clareamento dental",,"https://www.google.com/maps/search/?api=1&query=Essencialle%20Clinica%20Odontol%C3%B3gica%20Amoreiras%20Campinas%20-%20Implantes&query_place_id=ChIJjQYZWgHJyJQRUpPHe6KXv2g","Dentista"
"IDF Oral Clinic Campinas","5","20","R. Cel. Quirino, 1183","Campinas","São Paulo","BR",,"+55 19 99338-4866","Clínica odontológica",,,,,,,,,,"https://www.google.com/maps/search/?api=1&query=IDF%20Oral%20Clinic%20Campinas&query_place_id=ChIJ-6o4uWHPyJQRn1wB6rqioJw","Clínica odontológica"
"Tellus Clínica Odontológica","5","106","Rua Barão de Jaguara, 655 - sala 1309","Campinas","São Paulo","BR","https://clinicatellus.smallbio.com.br/","+55 19 3251-2709","Clínica odontológica","Ortodontista",,,,,,,,,"https://www.google.com/maps/search/?api=1&query=Tellus%20Cl%C3%ADnica%20Odontol%C3%B3gica&query_place_id=ChIJz9OydWnPyJQRtwSFKuzHXRs","Clínica odontológica"
"Ideale - Saúde e Odontologia","5","160","R. Cadete João Teixeira, 466","Campinas","São Paulo","BR","https://idealeodontologia.com/","+55 19 97158-5710","Clínica odontológica","Cirurgião dentista",,,,,,,,,"https://www.google.com/maps/search/?api=1&query=Ideale%20-%20Sa%C3%BAde%20e%20Odontologia&query_place_id=ChIJvXSSmpbIyJQRql-ZY0oe1Xs","Clínica odontológica"
"Tratefácil Odontologia","4.8","77","R. José Paulino, 1330 - Pisos 1 e 2","Campinas","São Paulo","BR","https://tratefacilodontologia.com.br/","+55 19 3231-1323","Clínica odontológica",,,,,,,,,,"https://www.google.com/maps/search/?api=1&query=Tratef%C3%A1cil%20Odontologia&query_place_id=ChIJM6eEM7LIyJQRRREGev797x8","Clínica odontológica"
"SouSmile","5","47","Av. José de Sousa Campos, 1073 - Sala 1208 - 12 andar","Campinas","São Paulo","BR","https://www.sousmile.com/","+55 11 3805-2335","Clínica odontológica",,,,,,,,,,"https://www.google.com/maps/search/?api=1&query=SouSmile&query_place_id=ChIJiVNsQS_PyJQRlIsfQSDBimw","Clínica odontológica"
"Coife Odonto Campinas Centro","4.1","133","LGR - Largo Mal. Floriano, n° 244","Campinas","São Paulo","BR","https://coifeodonto.com/","+55 19 97148-2019","Dentista","Clínica odontológica",,,,,,,,,"https://www.google.com/maps/search/?api=1&query=Coife%20Odonto%20Campinas%20Centro&query_place_id=ChIJldHNqbHIyJQR2j-8aKI75wg","Dentista"
"Clínica Odontológica Dra Natália Maggi/ Ortodontia e Estética Dental","5","17","Rua Quirino do Amaral Campos, 144","Campinas","São Paulo","BR","http://nataliamaggi.com/","+55 19 99745-6860","Dentista",,,,,,,,,,"https://www.google.com/maps/search/?api=1&query=Cl%C3%ADnica%20Odontol%C3%B3gica%20Dra%20Nat%C3%A1lia%20Maggi%2F%20Ortodontia%20e%20Est%C3%A9tica%20Dental&query_place_id=ChIJzQB4bFXPyJQRX-dtW5A_dN8","Dentista"
"Campo Belo Sorriso Odontologia","5","7","R. Leonice Aparecida Oliveira da Silva, 109","Campinas","São Paulo","BR","https://www.instagram.com/clinicacampobelosorriso/","+55 19 98604-6379","Clínica odontológica",,,,,,,,,,"https://www.google.com/maps/search/?api=1&query=Campo%20Belo%20Sorriso%20Odontologia&query_place_id=ChIJA-6Zcd3LyJQRhYCB6nbXV38","Clínica odontológica"
"Sorridents Campinas","3.4","59","R. Armando Frederico Renganeschi, 120","Campinas","São Paulo","BR","http://www.facebook.com/sorridentsouroverde/","+55 19 3226-8337","Dentista","Clínica odontológica",,,,,,,,,"https://www.google.com/maps/search/?api=1&query=Sorridents%20Campinas&query_place_id=ChIJ030hDNzJyJQRMPiNy1PkblU","Dentista"
"Coife Odonto Campinas Dic V","4.9","141","Rua Carmen de Angêlis Nicoletti, 317 – Dic 5 – Campinas/SP – 13, 054-532","Campinas","SP","BR","https://wa.me/5519999458546","+55 19 3396-6234","Dentista","Clínica odontológica","Endodontista","Cirurgião dentista","Odontopediatra",,,,,,"https://www.google.com/maps/search/?api=1&query=Coife%20Odonto%20Campinas%20Dic%20V&query_place_id=ChIJIw8tHNzJyJQR-LIbdJqZmhs","Dentista"
".","4.5","46","Av. Suaçuna, 244","Campinas","São Paulo","BR","https://centralodc.com.br/ouroverde/","+55 19 98187-1532","Clínica odontológica",,,,,,,,,,"https://www.google.com/maps/search/?api=1&query=.&query_place_id=ChIJ6XjQsn_JyJQRz2jGnbUOPKk","Clínica odontológica"
"Dra. Bruna Caldas","5","32","Av. Joseph Gorsin, 293","Campinas","São Paulo","BR","http://www.instagram.com/dra.brunacaldas","+55 19 98315-6508","Clínica odontológica",,,,,,,,,,"https://www.google.com/maps/search/?api=1&query=Dra.%20Bruna%20Caldas&query_place_id=ChIJy0CnWNC3yJQRWggF9a97LYg","Clínica odontológica"
"DentalKids Ouro Verde","4.9","207","R. Padre Damião, 90","Campinas","São Paulo","BR","http://dentalkids.com.br/","+55 19 3226-2960","Clínica odontológica",,,,,,,,,,"https://www.google.com/maps/search/?api=1&query=DentalKids%20Ouro%20Verde&query_place_id=ChIJae7WBbO3yJQRTLLEq7u-XOA","Clínica odontológica"
"Odonto Familia","5","2","Av. Ruy Rodriguez, 4760","Campinas","São Paulo","BR",,"+55 19 92565-6556","Clínica odontológica",,,,,,,,,,"https://www.google.com/maps/search/?api=1&query=Odonto%20Familia&query_place_id=ChIJ-43RbCW2yJQRkO7-fORF6lg","Clínica odontológica"
"Amyo Clinic |Ortodontia|Swiss Park|Invisalign Doctor|Dentista em Campinas","5","139","Av. Dermival Bernardes Siqueira, 2904","Campinas","São Paulo","BR","http://www.amyoclinic.com.br/","+55 19 99109-1330","Clínica odontológica","Ortodontista",,,,,,,,,"https://www.google.com/maps/search/?api=1&query=Amyo%20Clinic%20%7COrtodontia%7CSwiss%20Park%7CInvisalign%20Doctor%7CDentista%20em%20Campinas&query_place_id=ChIJleSictHLyJQR4ZFZgauIG34","Clínica odontológica"
"Alps Oral Clinic","4.9","115","Av. Dermival Bernardes Siqueira, 1838","Campinas","São Paulo","BR","http://www.alpsclinic.com/","+55 19 3278-1121","Clínica odontológica",,,,,,,,,,"https://www.google.com/maps/search/?api=1&query=Alps%20Oral%20Clinic&query_place_id=ChIJcVplkq3LyJQRcL-ITi-oaoI","Clínica odontológica"
"Clínica Odontológica Casonato | Campinas","4.9","73","Rua Barão de Atibaia, 375","Campinas","São Paulo","BR","http://www.clinicacasonato.com.br/","+55 19 3236-9748","Dentista","Periodontia e implantes dentários","Clínica odontológica","Endodontista","Clínico geral","Cirurgião dentista","Ortodontista","Clínica especializada","Serviço de clareamento dental",,"https://www.google.com/maps/search/?api=1&query=Cl%C3%ADnica%20Odontol%C3%B3gica%20Casonato%20%7C%20Campinas&query_place_id=ChIJv4GlYqnIyJQRPp696Ip4lvk","Dentista"
"Clinica Nova Odonto","4","28","R. Papa São Dâmaso I, 23","Campinas","São Paulo","BR",,"+55 19 3282-4834","Dentista",,,,,,,,,,"https://www.google.com/maps/search/?api=1&query=Clinica%20Nova%20Odonto&query_place_id=ChIJk8A4tl65yJQR16PwXn3s7nM","Dentista"
"Radiodoc - Radiologia Odontológica","4.7","220","8º andar Condomínio Edifício Mesbla, Av. Campos Sales, 715","Campinas","SP","BR","http://www.radiodoc.com.br/","+55 19 3743-4400","Policlínica",,,,,,,,,,"https://www.google.com/maps/search/?api=1&query=Radiodoc%20-%20Radiologia%20Odontol%C3%B3gica&query_place_id=ChIJR5YMi7PIyJQRwOudIING3Lo","Policlínica"
"Clinica Odontológica Lélis","4.9","9","R. Dr. Barbosa da Cunha, 244","Campinas","São Paulo","BR","https://lelisodonto.com.br/","+55 19 98996-0603","Clínica odontológica",,,,,,,,,,"https://www.google.com/maps/search/?api=1&query=Clinica%20Odontol%C3%B3gica%20L%C3%A9lis&query_place_id=ChIJy1oONqTHyJQRYqZk04A36mI","Clínica odontológica"
"Clínica Odontológica","5","1","R. Antônio Joaquim Viana","Campinas","São Paulo","BR",,"","Dentista",,,,,,,,,,"https://www.google.com/maps/search/?api=1&query=Cl%C3%ADnica%20Odontol%C3%B3gica&query_place_id=ChIJb3HJN-nOyJQRZdbm-GBTZ-Q","Dentista"
"Clínica Blossom Odontologia e Estética","4.9","20","R. Sacramento, 882","Campinas","São Paulo","BR",,"+55 19 99989-5539","Clínica odontológica",,,,,,,,,,"https://www.google.com/maps/search/?api=1&query=Cl%C3%ADnica%20Blossom%20Odontologia%20e%20Est%C3%A9tica&query_place_id=ChIJuX1n8XaJomsRu28jkZdnmek","Clínica odontológica"
"ODONTOALS CLINICA ODONTOLÓGICA EIRELI","4.9","13","R. Dr. João Quirino do Nascimento, 357","Campinas","São Paulo","BR",,"+55 19 3387-2366","Clínica odontológica",,,,,,,,,,"https://www.google.com/maps/search/?api=1&query=ODONTOALS%20CLINICA%20ODONTOL%C3%93GICA%20EIRELI&query_place_id=ChIJkx66jIvFyJQRxs4qiS6jSdk","Clínica odontológica"
"Clínica odontológica Freitas","3","2","Rua Silvio Rizzardo, 1.248","Campinas","São Paulo","BR",,"+55 19 97119-9176","Dentista","Ortodontista",,,,,,,,,"https://www.google.com/maps/search/?api=1&query=Cl%C3%ADnica%20odontol%C3%B3gica%20Freitas&query_place_id=ChIJoRKAk13IyJQRzGwAUEIM_gY","Dentista"
